-- MySQL dump 10.13  Distrib 5.7.25, for Linux (x86_64)
--
-- Host: localhost    Database: contab
-- ------------------------------------------------------
-- Server version	5.7.25-0ubuntu0.16.04.2

/*!40101 SET @OLD_CHARACTER_SET_CLIENT=@@CHARACTER_SET_CLIENT */;
/*!40101 SET @OLD_CHARACTER_SET_RESULTS=@@CHARACTER_SET_RESULTS */;
/*!40101 SET @OLD_COLLATION_CONNECTION=@@COLLATION_CONNECTION */;
/*!40101 SET NAMES utf8 */;
/*!40103 SET @OLD_TIME_ZONE=@@TIME_ZONE */;
/*!40103 SET TIME_ZONE='+00:00' */;
/*!40014 SET @OLD_UNIQUE_CHECKS=@@UNIQUE_CHECKS, UNIQUE_CHECKS=0 */;
/*!40014 SET @OLD_FOREIGN_KEY_CHECKS=@@FOREIGN_KEY_CHECKS, FOREIGN_KEY_CHECKS=0 */;
/*!40101 SET @OLD_SQL_MODE=@@SQL_MODE, SQL_MODE='NO_AUTO_VALUE_ON_ZERO' */;
/*!40111 SET @OLD_SQL_NOTES=@@SQL_NOTES, SQL_NOTES=0 */;

--
-- Table structure for table `categories`
--

DROP TABLE IF EXISTS `categories`;
/*!40101 SET @saved_cs_client     = @@character_set_client */;
/*!40101 SET character_set_client = utf8 */;
CREATE TABLE `categories` (
  `id` int(10) unsigned NOT NULL AUTO_INCREMENT,
  `category_name` varchar(255) COLLATE utf8_unicode_ci NOT NULL,
  `company_id` varchar(255) COLLATE utf8_unicode_ci NOT NULL,
  `created_at` date DEFAULT NULL,
  `updated_at` date DEFAULT NULL,
  `deleted_at` date DEFAULT NULL,
  PRIMARY KEY (`id`)
) ENGINE=InnoDB DEFAULT CHARSET=utf8 COLLATE=utf8_unicode_ci;
/*!40101 SET character_set_client = @saved_cs_client */;

--
-- Dumping data for table `categories`
--

LOCK TABLES `categories` WRITE;
/*!40000 ALTER TABLE `categories` DISABLE KEYS */;
/*!40000 ALTER TABLE `categories` ENABLE KEYS */;
UNLOCK TABLES;

--
-- Table structure for table `clients`
--

DROP TABLE IF EXISTS `clients`;
/*!40101 SET @saved_cs_client     = @@character_set_client */;
/*!40101 SET character_set_client = utf8 */;
CREATE TABLE `clients` (
  `id` int(10) unsigned NOT NULL AUTO_INCREMENT,
  `company_id` int(10) unsigned DEFAULT NULL,
  `name` varchar(255) COLLATE utf8_unicode_ci NOT NULL,
  `fantasyName` varchar(255) COLLATE utf8_unicode_ci NOT NULL,
  `email` varchar(255) COLLATE utf8_unicode_ci NOT NULL,
  `place` varchar(255) COLLATE utf8_unicode_ci NOT NULL,
  `codigoPostal` varchar(255) COLLATE utf8_unicode_ci NOT NULL,
  `codigoProvincia` varchar(255) COLLATE utf8_unicode_ci NOT NULL,
  `address` varchar(255) COLLATE utf8_unicode_ci NOT NULL,
  `telephone` int(11) NOT NULL,
  `cuit` varchar(255) COLLATE utf8_unicode_ci NOT NULL,
  `web` varchar(255) COLLATE utf8_unicode_ci NOT NULL,
  `iib` varchar(255) COLLATE utf8_unicode_ci NOT NULL,
  `pib` varchar(255) COLLATE utf8_unicode_ci NOT NULL,
  `epib` varchar(255) COLLATE utf8_unicode_ci NOT NULL,
  `excento` tinyint(1) NOT NULL,
  `responsableMonotributo` tinyint(1) NOT NULL,
  `responsableInscripto` tinyint(1) NOT NULL,
  `ivaInscripto` tinyint(1) NOT NULL,
  `limiteDeCredito` double(8,2) NOT NULL,
  `numeroDeInscripcionesIB` int(11) NOT NULL,
  `cuentasGenerales` varchar(255) COLLATE utf8_unicode_ci NOT NULL,
  `percepcionDeGanancia` int(11) NOT NULL,
  `created_at` date DEFAULT NULL,
  `updated_at` date DEFAULT NULL,
  `deleted_at` date DEFAULT NULL,
  `sale_point` varchar(50) COLLATE utf8_unicode_ci DEFAULT NULL,
  `start_date` timestamp NOT NULL DEFAULT CURRENT_TIMESTAMP ON UPDATE CURRENT_TIMESTAMP,
  PRIMARY KEY (`id`),
  KEY `clients_company_id_foreign` (`company_id`),
  CONSTRAINT `clients_company_id_foreign` FOREIGN KEY (`company_id`) REFERENCES `companies` (`id`)
) ENGINE=InnoDB AUTO_INCREMENT=44 DEFAULT CHARSET=utf8 COLLATE=utf8_unicode_ci;
/*!40101 SET character_set_client = @saved_cs_client */;

--
-- Dumping data for table `clients`
--

LOCK TABLES `clients` WRITE;
/*!40000 ALTER TABLE `clients` DISABLE KEYS */;
INSERT INTO `clients` VALUES (1,2,'SCANNER S.R.L.','client1','scanner@speedy.com.ar','Mar del Plata','7600','Buenos Aires','14 de Julio 1098',234745084,'client12222','www.scanner.com.ar','33656108849','client12222','04564654',0,0,1,0,0.00,'Contado, 30 y 60 días FF',145.00,2147483647,'\'Cuenta General\'',100,'2017-09-29','2019-02-16',NULL,'1','2019-02-14 00:00:00'),(2,2,'client2','client2','client2','client2','client2','','client2',0,'client22222','client2','client2','client2','client2',0,0,0,0,0.00,'client2',0.00,0,'client2',0,'2017-11-14','2017-11-14',NULL,NULL,'2019-02-16 01:33:45'),(3,2,'AAAA','AAAA','AAAA@gmail.com','AAAA','1111','AAAA 1111','AAAA 1111',111111111,'11111111111','AAAA.com','AAAAAA','AAAAAA','AAAAAA',0,0,1,0,11.00,'AAAAAA',11.00,11,'AAAAAA',11,'2018-12-09','2018-12-09',NULL,NULL,'2019-02-16 01:33:45'),(4,2,'AAAA','AAAA','AAAA@gmail.com','AAAA','1111','AAAA 1111','AAAAAA',111111111,'11111111111','AAAA.com','AAAAAA','AAAAAA','AAAAAA',0,0,1,0,1111.00,'AAAAAA',11.00,11,'AAAAAA',11,'2018-12-09','2018-12-12','2018-12-12',NULL,'2019-02-16 01:33:45'),(5,10,'Cliente1','Cliente1','cliente1@hotmail.com','Bernal','1111','Quilmes','Lisandro 3232',111111111,'11111111111','client1.com','11111111111','11111111111','11111111111',0,0,1,0,1.00,'111111',111111.00,111111,'\'Cuenta General\'',111111,'2018-12-09','2019-02-15',NULL,NULL,'2019-02-16 01:33:45'),(6,10,'Cliente2','Cliente2','cliente2@hotmail.com','Quilmes','1111','Buenos Aires','Calchaqui 2344',222222222,'22222222222','cliente2.com','22222222222','222222','222222',0,0,1,0,2.00,'222222',222222.00,222222,'222222',2222222,'2018-12-09','2019-01-04',NULL,NULL,'2019-02-16 01:33:45'),(7,10,'Cliente3','Cliente3','cliente3@hotmail.com','Ezpeleta','3333','Quilmes','Lisandro 333',333333333,'33333333333','cliente3.com','33333333333','333333','333333',0,0,1,0,333333.00,'3333333',999999.99,3333333,'\'Cuenta General\'',333333,'2018-12-09','2019-01-04',NULL,NULL,'2019-02-16 01:33:45'),(8,10,'Cliente4','Cliente4','cliente4@hotmail.com','Berazategui','4444','Quilmes','Lisandro 444',444444444,'44444444444','cliente4.com','44444444444','444444','444444',0,0,1,0,4.00,'444444',444.00,444,'\'Cuenta General\'',444444,'2018-12-09','2019-01-04',NULL,NULL,'2019-02-16 01:33:45'),(9,10,'Cliente5','Cliente5','cliente5@hotmail.com','Avellaneda','5555','Avellaneda','Mitre 5555',555555555,'55555555555','client5.com','55555555555','555555','555555',0,0,1,0,555555.00,'555555',555555.00,555555,'\'Cuenta Interna\'',555555,'2018-12-09','2019-01-04',NULL,NULL,'2019-02-16 01:33:45'),(10,3,'AAAAAA','AAAAAA','AAAAAA@gmail.com','AAAAAA','1111','AAAAAA','AAAAAA1111',111111111,'11111111111','AAAAAA.com','AAAAAA','AAAAAA','AAAAAA',0,0,1,0,1.00,'AAAAAA',1.00,1,'AAAAAA',1,'2018-12-12','2018-12-12','2018-12-12',NULL,'2019-02-16 01:33:45'),(11,3,'AAAAAA','AAAAAA','AAAAAA@gmail.com','AAAAAA','1111','AAAAAA','AAAAAA1111',111111111,'11111111111','AAAAAA.com','AAAAAA','AAAAAA','AAAAAA',0,0,1,0,1.00,'AAAAAA',1.00,1,'AAAAAA',1,'2018-12-12','2018-12-12','2018-12-12',NULL,'2019-02-16 01:33:45'),(12,3,'AAAAAA','AAAAAA','AAAAAA@gmail.com','AAAAAA','1111','AAAAAA','AAAAAA',111111111,'11111111111','AAAAAA','AAAAAA','AAAAAA','AAAAAA',0,0,1,0,1.00,'AAAAAA',1.00,1,'AAAAAA',1,'2018-12-12','2018-12-12','2018-12-12',NULL,'2019-02-16 01:33:45'),(13,3,'AAAAAA','AAAAAA','AAAAAA@gmail.com','AAAAAA','7600','11111','1111111',111111111,'11111111111','1111111','111111','1111111','1111111',1,0,0,0,1.00,'111111',1.00,1,'111111',11,'2018-12-12','2018-12-12','2018-12-12',NULL,'2019-02-16 01:33:45'),(14,3,'AAAAAA','AAAAAA','AAAAAA@AAAAAA.com','AAAAAA','123123','AAAAAA','AAAAAA',123123123,'12321321312','1231231','12312322131','123212','123122',0,0,1,0,123123.00,'123123',123123.00,12312,'\'Cuenta Interna\'',123123,'2018-12-12','2019-01-04',NULL,NULL,'2019-02-16 01:33:45'),(15,17,'CCCCC','CCCCC','CCCCCWW@gmail.com','CCCCCWW','1111','2222','CCCCC ---232',121212111,'11111111111','CCCCC.com','CCCCCC','CCCCCC','CCCCCC',0,0,1,0,1.00,'CCCCCC',1.00,1,'CCCCCC',1,'2018-12-14','2018-12-14','2018-12-14',NULL,'2019-02-16 01:33:45'),(16,13,'Cliente1','Cliente1','Cliente1@Cliente1.com','Cliente1','11111','Cliente1','Cliente1',111111111,'11111111111','Cliente1','Cliente1111','Cliente1','Cliente1',1,0,0,0,1.00,'Cliente1',1.00,1,'\'Cuenta Interna\'',1,'2018-12-16','2019-01-04',NULL,NULL,'2019-02-16 01:33:45'),(17,13,'Cliente2','Cliente2','Cliente2@Cliente2.com','Cliente2','2222','Cliente2','Cliente2',222222222,'22222222222','Cliente2','Cliente2222','Cliente2','Cliente2',0,1,0,0,2.00,'Cliente2',2.00,2,'\'Cuenta Interna\'',2,'2018-12-16','2019-01-04',NULL,NULL,'2019-02-16 01:33:45'),(18,13,'Cliente3','Cliente3','Cliente3@Cliente3.com','Cliente3','3333','Cliente3','Cliente3',333333333,'33333333333','Cliente3','Cliente3333','Cliente3','Cliente3',0,0,1,0,3.00,'Cliente3',3.00,3,'\'Cuenta General\'',3,'2018-12-16','2019-01-04',NULL,NULL,'2019-02-16 01:33:45'),(19,13,'Cliente4','Cliente4','Cliente4@Cliente4.com','Cliente4','4444','Cliente4','Cliente4',444444444,'44444444444','Cliente4','Cliente4444','Cliente4','Cliente4',0,1,0,0,4.00,'Cliente4',4.00,4,'\'Cuenta General\'',4,'2018-12-16','2019-01-04',NULL,NULL,'2019-02-16 01:33:45'),(20,13,'Cliente5','Cliente5','Cliente5@Cliente5.com','Cliente5','5555','Cliente5','Cliente5',555555555,'55555555555','Cliente5','Cliente5555','Cliente5','Cliente5',0,1,0,0,5.00,'Cliente5',5.00,5,'\'Cuenta General\'',5,'2018-12-17','2019-01-04',NULL,NULL,'2019-02-16 01:33:45'),(21,12,'Cliente1','Cliente1','Cliente1@Cliente1.com','Cliente1','1111','Cliente1','Cliente1',111111111,'11111111111','Cliente1','Cliente1111','Cliente1','Cliente1',0,0,1,0,1.00,'Cliente1',1.00,1,'\'Cuenta General\'',1,'2018-12-17','2019-01-04',NULL,NULL,'2019-02-16 01:33:45'),(22,12,'Cliente2','Cliente2','Cliente2@Cliente2.com','Cliente2','2222','Cliente2','Cliente2',222222222,'22222222222','Cliente2','Cliente2222','Cliente2','Cliente2',1,0,0,0,2.00,'Cliente2',2.00,2,'\'Cuenta Interna\'',2,'2018-12-17','2019-01-04',NULL,NULL,'2019-02-16 01:33:45'),(23,12,'Cliente3','Cliente3','Cliente3@Cliente3.com','Cliente3','3333','Cliente3','Cliente3',333333333,'33333333333','Cliente3','Cliente3333','Cliente3','Cliente3',0,1,0,0,3.00,'Cliente3',3.00,3,'\'Cuenta Interna\'',3,'2018-12-17','2019-01-04',NULL,NULL,'2019-02-16 01:33:45'),(24,12,'Cliente4','Cliente4','Cliente4@Cliente4.com','Cliente4','4444','Cliente4','Cliente4',444444444,'44444444444','Cliente4','Cliente4444','Cliente4','Cliente4',0,0,0,1,4.00,'Cliente4',4.00,4,'\'Cuenta Interna\'',4,'2018-12-17','2019-01-04',NULL,NULL,'2019-02-16 01:33:45'),(25,12,'Cliente5','Cliente5','Cliente5@Cliente5.com','Cliente5','5555','Cliente5','Cliente5',555555555,'55555555555','Cliente5','Cliente5555','Cliente5','Cliente5',0,0,1,0,5.00,'Cliente5',5.00,5,'\'Cuenta General\'',5,'2018-12-17','2019-01-04',NULL,NULL,'2019-02-16 01:33:45'),(26,12,'Cliente6','Cliente6','Cliente6@Cliente6.com','Cliente6','6666','Cliente6','Cliente6',666666666,'66666666666','Cliente6','Cliente6','Cliente6','Cliente6',0,0,1,0,6.00,'Cliente6',6.00,6,'Cliente6',6,'2018-12-17','2018-12-17','2018-12-17',NULL,'2019-02-16 01:33:45'),(27,12,'Cliente6','Cliente6','Cliente6@Cliente6.com','Cliente6','66666','Cliente6','Cliente6',666666666,'66666666666','Cliente6','Cliente6','Cliente6','Cliente6',0,0,1,0,6.00,'Cliente6',6.00,6,'Cliente6',6,'2018-12-17','2018-12-17','2018-12-17',NULL,'2019-02-16 01:33:45'),(28,12,'Cliente6','Cliente6','Cliente6@Cliente6.co','Cliente6','6666','Cliente6','Cliente6',666666669,'66666666666','Cliente6','Cliente6','Cliente6','Cliente6',0,0,1,0,6.00,'Cliente6',6.00,6,'Cliente6',6,'2018-12-17','2018-12-17','2018-12-17',NULL,'2019-02-16 01:33:45'),(29,12,'Cliente6','Cliente6','Cliente6@Cliente6.com','Cliente6','6666','Cliente6','Cliente6',666666666,'66666666666','Cliente6','Cliente6','Cliente6','Cliente6',0,0,1,0,6.00,'Cliente6',6.00,6,'Cliente6',6,'2018-12-17','2018-12-17','2018-12-17',NULL,'2019-02-16 01:33:45'),(30,12,'Cliente6','Cliente6','Cliente6@Cliente6.com','Cliente6','66666','Cliente6','Cliente6',666666666,'66666666666','Cliente6','Cliente6','Cliente6','Cliente6',0,0,0,1,6666.00,'Cliente6',6.00,6,'Cliente6',6,'2018-12-17','2018-12-17','2018-12-17',NULL,'2019-02-16 01:33:45'),(31,2,'LLLLLL','http://contaduria.her','LLLLLL@gmail.com','LLLLLL','3222','http://contaduria.her','LLLLLL',111111112,'11111111112','LLLLLL','LLLLLL','LLLLLL','LLLLLL',0,0,1,0,1.00,'http://contaduria.her',12.00,11,'LLLLLL',1,'2018-12-18','2018-12-18','2018-12-18',NULL,'2019-02-16 01:33:45'),(32,3,'      ','       ','q@gmail.com','asdsad','1111','111111','sadsads',232323223,'23232323232','sa.com','wqeweq','ewwqewew','wqewqeewq',0,0,1,0,2.00,'212121',121.00,1212,'2121212',122121,'2018-12-19','2018-12-19',NULL,NULL,'2019-02-16 01:33:45'),(33,3,'     s','       s','2@gmail.com','sadassad','2121','sdaasdsa','cxxzxz23',231213231,'23123121313','l2.com','sdsasa','sasaddsadsa','sadasddsa',0,0,1,0,2.00,'12cxzcx',221.00,213,'xzzccxxcz',2121,'2018-12-19','2018-12-19',NULL,NULL,'2019-02-16 01:33:45'),(34,21,'QQQQQQ','QQQQQQ','QQQQQQ@gmail.com','QQQQQQ','1111','QQQQQQ','QQQQQQ',111111111,'11111111111','QQQQQQ','QQQQQQ','QQQQQQ','QQQQQQ',0,0,1,0,1.00,'QQQQQQ',1.00,1,'QQQQQQ',1,'2018-12-22','2018-12-22','2018-12-22',NULL,'2019-02-16 01:33:45'),(35,21,'QQQQQQ','QQQQQQ','QQQQQQ@gmail.com','QQQQQQ','1111','QQQQQQ','QQQQQQ',111111111,'11111111111','QQQQQQ','QQQQQQ','QQQQQQ','QQQQQQ',0,0,1,0,1.00,'QQQQQQ',1.00,1,'QQQQQQ',1,'2018-12-22','2018-12-22',NULL,NULL,'2019-02-16 01:33:45'),(36,21,'WWWWWW','WWWWWW','WWWWWW@gmail.com','WWWWWW','1111','WWWWWW','WWWWWW',111111111,'11111111111','WWWWWW','WWWWWW','WWWWWW','WWWWWW',0,0,1,0,1.00,'WWWWWW',1.00,1,'WWWWWW',1,'2018-12-22','2018-12-22','2018-12-22',NULL,'2019-02-16 01:33:45'),(37,21,'EEEEEE','EEEEEE','EEEEEE@gmail.com','EEEEEE','1111','EEEEEE','EEEEEE',111111111,'11111111111','EEEEEE','EEEEEE','EEEEEE','EEEEEE',0,0,1,0,1.00,'EEEEEE',1.00,1,'EEEEEE',1,'2018-12-22','2018-12-23','2018-12-23',NULL,'2019-02-16 01:33:45'),(38,21,'TTTTTTT','TTTTTTT','TTTTTTT@gmail.com','TTTTTTT','1111','TTTTTTT','TTTTTTT',111111111,'11111111111','TTTTTTT','TTTTTTT','TTTTTTT','TTTTTTT',0,0,1,0,1.00,'TTTTTTT',1.00,1,'TTTTTTT',1,'2018-12-22','2018-12-22',NULL,NULL,'2019-02-16 01:33:45'),(39,21,'AAAAAA','AAAAAA','AAAAAA@gmail.com','AAAAAA','1111','AAAAAA','AAAAAA',111111111,'11111111111','AAAAAA','AAAAAA','AAAAAA','AAAAAA',0,0,1,0,1.00,'AAAAAA',1.00,1,'AAAAAA',1,'2018-12-22','2018-12-22',NULL,NULL,'2019-02-16 01:33:45'),(40,21,'CCCCCC','CCCCCC','CCCCCC@gmail.com','CCCCCC','1111','CCCCCC','CCCCCC',111111111,'11111111111','CCCCCC','CCCCCC','CCCCCC','CCCCCC',0,0,1,0,1.00,'CCCCCC',1.00,1,'CCCCCC',1,'2018-12-22','2018-12-23','2018-12-23',NULL,'2019-02-16 01:33:45'),(41,21,'VVVVVVV','VVVVVVV','VVVVVVV@gmail.com','VVVVVVV','1111','Quilmes','Lisandro 3232',111111111,'11111111111','VVVVVVV','VVVVVVV','VVVVVVV','VVVVVVV',0,0,1,0,1.00,'VVVVVVV',1.00,1,'VVVVVVV',1,'2018-12-22','2018-12-22',NULL,NULL,'2019-02-16 01:33:45'),(42,21,'XXXXXX','XXXXXX','XXXXXX@gmail.com','XXXXXX','1111','XXXXXX','XXXXXX',111111111,'11111111111','XXXXXX','XXXXXX','XXXXXX','XXXXXX',0,0,1,0,1.00,'XXXXXX',1.00,1,'XXXXXX',1,'2018-12-22','2018-12-22',NULL,NULL,'2019-02-16 01:33:45'),(43,21,'QQQQQQ','LLLLLLL','QQQQQQQ@gmail.com','Bernal','1111','Quilmes','Lisandro 3232',111111111,'44444444444','SSSSSS.com','wewewewe','wewewewew','wewewewew',0,0,1,0,1.00,'rererererere',1.00,1,'rerererere',1,'2018-12-22','2018-12-22',NULL,NULL,'2019-02-16 01:33:45');
/*!40000 ALTER TABLE `clients` ENABLE KEYS */;
UNLOCK TABLES;

--
-- Table structure for table `companies`
--

DROP TABLE IF EXISTS `companies`;
/*!40101 SET @saved_cs_client     = @@character_set_client */;
/*!40101 SET character_set_client = utf8 */;
CREATE TABLE `companies` (
  `id` int(10) unsigned NOT NULL AUTO_INCREMENT,
  `name` varchar(255) COLLATE utf8_unicode_ci NOT NULL,
  `fantasyName` varchar(255) COLLATE utf8_unicode_ci NOT NULL,
  `email` varchar(255) COLLATE utf8_unicode_ci NOT NULL,
  `place` varchar(255) COLLATE utf8_unicode_ci NOT NULL,
  `codigoPostal` varchar(255) COLLATE utf8_unicode_ci NOT NULL,
  `codigoProvincia` varchar(255) COLLATE utf8_unicode_ci NOT NULL,
  `address` varchar(255) COLLATE utf8_unicode_ci NOT NULL,
  `telephone` int(11) NOT NULL,
  `cuit` varchar(255) COLLATE utf8_unicode_ci NOT NULL,
  `web` varchar(255) COLLATE utf8_unicode_ci NOT NULL,
  `iib` varchar(255) COLLATE utf8_unicode_ci NOT NULL,
  `pib` varchar(255) COLLATE utf8_unicode_ci NOT NULL,
  `epib` varchar(255) COLLATE utf8_unicode_ci NOT NULL,
  `excento` tinyint(1) NOT NULL,
  `responsableMonotributo` tinyint(1) NOT NULL,
  `responsableInscripto` tinyint(1) NOT NULL,
  `ivaInscripto` tinyint(1) NOT NULL,
  `limiteDeCredito` double(8,2) NOT NULL,
  `numeroDeInscripcionesIB` int(11) NOT NULL,
  `cuentasGenerales` varchar(255) COLLATE utf8_unicode_ci NOT NULL,
  `percepcionDeGanancia` int(11) NOT NULL,
  `created_at` date DEFAULT NULL,
  `updated_at` date DEFAULT NULL,
  `deleted_at` date DEFAULT NULL,
  `start_date` timestamp NOT NULL DEFAULT CURRENT_TIMESTAMP ON UPDATE CURRENT_TIMESTAMP,
  `sale_point` varchar(50) COLLATE utf8_unicode_ci DEFAULT NULL,
  PRIMARY KEY (`id`),
  UNIQUE KEY `fantasyName` (`name`)
) ENGINE=InnoDB AUTO_INCREMENT=23 DEFAULT CHARSET=utf8 COLLATE=utf8_unicode_ci;
/*!40101 SET character_set_client = @saved_cs_client */;

--
-- Dumping data for table `companies`
--

LOCK TABLES `companies` WRITE;
/*!40000 ALTER TABLE `companies` DISABLE KEYS */;
INSERT INTO `companies` VALUES (2,'client1','client2','client2@client2.com','client21','11231','123123','client2',123123131,'12345678977','client2','cliente2111','cliente2','cliente2',0,0,0,1,1.00,'Cliente2',1.00,1,'\'Cuenta General\'',1,'2017-09-09','2019-02-16',NULL,'2019-02-14 00:00:00','1'),(3,'Testing','Testing','testing@gmail.com','Testing','1111111111','Testing','Testing 12345',111111111,'11111111111','testing.comm','Testin11111','Testin1','Testin1',0,0,1,0,1.00,'Testing',12345.00,111111,'\'Cuenta General\'',1,'2018-12-09','2019-01-04',NULL,'2019-02-16 01:33:58',NULL),(8,'Testing1','Testing1','Testing1@gmail.com','Testing','1111','Testing','Testing',111111111,'11111111111','Testing.com','312321321312','Testing','sadsads',0,0,1,0,11.00,'sadsadsdasad',11.00,11,'adsdsadsa',0,'2018-12-09','2018-12-09',NULL,'2019-02-16 01:33:58',NULL),(9,'MANAN','MAN','man@gmail.com','MKIN','1211','OUSW','SDS 23',111111111,'21233321231','man.com','WWWWWW','111111','111111',0,0,1,0,1.00,'111111',1.00,1,'111111',1,'2018-12-09','2018-12-09',NULL,'2019-02-16 01:33:58',NULL),(10,'Tester NOMBRE','Tester Company','testercompan2y@hotmail.com','CABA','1081','CABA','Catamarca 1234',111111111,'11111111111','testercompany@hotmail.com','11111111118','111111','111111',0,0,1,0,1.00,'111111',111111.00,111111,'\'Cuenta General\'',111111,'2018-12-09','2019-02-15',NULL,'2019-02-16 01:33:58',NULL),(11,'Tester1','Tester1 Company','tester1@hotmail.com','tester1','1111','1111','Tester1 1111',111111111,'11111111111','tester1.com','asdasd','asdsad','asdsas',0,0,1,0,1.00,'111111',1.00,111111,'111111',111111,'2018-12-09','2018-12-09',NULL,'2019-02-16 01:33:58',NULL),(12,'Tester2','Tester2 Company','tester2@hotmail.com','Tester2 Company','1111','Tester2Company 1111','Tester2 Company 222',111111111,'11111111111','tester2company.com','11111111111','111111','111111',0,0,1,0,1.00,'111111',11.00,111,'\'Cuenta Interna\'',111111,'2018-12-09','2019-01-04',NULL,'2019-02-16 01:33:58',NULL),(13,'Tester 1','Tester 1','tester1@hotmail.com','Barracas','3231','Buenos Aires','Lik 82',223322322,'22223333222','tester1.com','22222222222','222222','222222',0,0,0,1,1.00,'111111',2222.00,2,'\'Cuenta General\'',2222,'2018-12-10','2019-02-16',NULL,'2019-02-16 01:33:58',NULL),(14,'test11','test11','test11@gmail.com','test11','1111','Quilmes','Lisandro 3232',111111111,'11111111111','test11.com','test11','test11','test11',0,0,1,0,11.00,'test11',11.00,11,'test11test11',0,'2018-12-14','2018-12-14',NULL,'2019-02-16 01:33:58',NULL),(16,'test111','test1111','test1111@gmail.com','test11','1111','test11','test11',111111111,'11111111111','test11.com','test11','test11','test11',0,0,1,0,11.00,'test11',11.00,2211,'test11',0,'2018-12-14','2018-12-14',NULL,'2019-02-16 01:33:58',NULL),(17,'KKKKKKWW','KKKKKK','testR@gmail.com','KKKKKK','1212','0000','KKKKKK 12',121121212,'11111111111','KKKKKK.com','KKKKKK','KKKKKK','KKKKKK',0,0,1,0,12.00,'KKKKKK',121.00,121,'KKKKKK',22,'2018-12-14','2018-12-14',NULL,'2019-02-16 01:33:58',NULL),(18,'AAAAA','AAAA','AAAAAAA@gmail.com','AAAAA','1212','1212sdsa','sadsadsa21',213213213,'12323112211','AAAAAAA.com','213sda','sdasssda','sdasdasda',0,0,1,0,21.00,'122111',999999.99,123321,'asdsdsa',0,'2018-12-14','2018-12-14',NULL,'2019-02-16 01:33:58',NULL),(19,'      AAAAAA','      AAAAAA','sa@gmail.com','      AAAAAA','2109','               AAAAAA','                        AAAAAA',221212222,'22222222222','                  AAAAAA','              AAAAAA','                     AAAAAA','                 AAAAAA',0,0,1,0,22.00,'                AAAAAA',22.00,215,'                  AAAAAA',0,'2018-12-22','2018-12-22',NULL,'2019-02-16 01:33:58',NULL),(20,'AAAAAA','AAAAAA','AAAAAA@gmail.com','AAAAAA','21321','AAAAAA','AAAAAA',213212333,'23211211222','AAAAAA','AAAAAA','AAAAAA','AAAAAA',0,0,1,0,10.00,'AAAAAA',10.00,10,'AAAAAA',0,'2018-12-22','2018-12-22',NULL,'2019-02-16 01:33:58',NULL),(21,'RRRRRR','RRRRRR','RRRRRR@gmail.com','RRRRRR','1111','RRRRRR','RRRRRR',111111111,'22222222218','RRRRRR','RRRRRR','RRRRRR','RRRRRR',0,0,1,0,1.00,'RRRRRR',1.00,1,'RRRRRR',0,'2018-12-22','2018-12-22',NULL,'2019-02-16 01:33:58',NULL),(22,'mariamora2','MariaMora','mariamora@gmail.com','mar del plata','7620','buenos aires','corrientes 12343',234919255,'30121112222','no hay','no hayklklk','abc121212112121','siw323232',0,0,1,0,5.00,'ddfdsfs',1.00,1,'erererere',0,'2019-02-12','2019-02-12',NULL,'2019-02-16 01:33:58',NULL);
/*!40000 ALTER TABLE `companies` ENABLE KEYS */;
UNLOCK TABLES;

--
-- Table structure for table `migrations`
--

DROP TABLE IF EXISTS `migrations`;
/*!40101 SET @saved_cs_client     = @@character_set_client */;
/*!40101 SET character_set_client = utf8 */;
CREATE TABLE `migrations` (
  `migration` varchar(255) COLLATE utf8_unicode_ci NOT NULL,
  `batch` int(11) NOT NULL
) ENGINE=InnoDB DEFAULT CHARSET=utf8 COLLATE=utf8_unicode_ci;
/*!40101 SET character_set_client = @saved_cs_client */;

--
-- Dumping data for table `migrations`
--

LOCK TABLES `migrations` WRITE;
/*!40000 ALTER TABLE `migrations` DISABLE KEYS */;
INSERT INTO `migrations` VALUES ('2017_05_15_213844_create_users_table',1),('2017_05_15_213856_create_client_table',1),('2017_05_15_213856_create_provider_table',1),('2017_06_14_214627_create_companies_table',1),('2017_07_07_220035_create_user_roles_table',1),('2017_07_07_220048_create_roles_table',1),('2017_09_05_224132_create_products_table',1),('2017_09_05_224152_create_movements_table',1),('2017_09_05_225324_create_categories_table',1),('2017_10_03_023604_create_order_table',2),('2017_10_03_023723_create_order_detail_table',2),('2017_09_29_033710_create_sales_table',3),('2017_09_29_034442_create_sales_detail_table',3),('2018_02_12_200843_afip_sale_cae',4);
/*!40000 ALTER TABLE `migrations` ENABLE KEYS */;
UNLOCK TABLES;

--
-- Table structure for table `movements`
--

DROP TABLE IF EXISTS `movements`;
/*!40101 SET @saved_cs_client     = @@character_set_client */;
/*!40101 SET character_set_client = utf8 */;
CREATE TABLE `movements` (
  `id` int(10) unsigned NOT NULL AUTO_INCREMENT,
  `product_id` int(10) unsigned NOT NULL,
  `company_id` int(11) NOT NULL,
  `order_id` int(11) DEFAULT NULL,
  `sale_id` int(11) DEFAULT NULL,
  `quantity` int(11) NOT NULL,
  `type` enum('in','out') COLLATE utf8_unicode_ci NOT NULL,
  `created_at` date DEFAULT NULL,
  `updated_at` date DEFAULT NULL,
  `deleted_at` date DEFAULT NULL,
  `price` int(11) NOT NULL,
  `tax` int(11) NOT NULL,
  PRIMARY KEY (`id`),
  KEY `movements_product_id_foreign` (`product_id`),
  CONSTRAINT `movements_product_id_foreign` FOREIGN KEY (`product_id`) REFERENCES `products` (`id`)
) ENGINE=InnoDB AUTO_INCREMENT=123 DEFAULT CHARSET=utf8 COLLATE=utf8_unicode_ci;
/*!40101 SET character_set_client = @saved_cs_client */;

--
-- Dumping data for table `movements`
--

LOCK TABLES `movements` WRITE;
/*!40000 ALTER TABLE `movements` DISABLE KEYS */;
INSERT INTO `movements` VALUES (6,15,2,NULL,10,1,'out','2017-11-14','2017-11-14',NULL,30,0),(7,16,2,NULL,11,1,'out','2017-11-14','2017-11-14',NULL,10,0),(8,15,2,1,NULL,1,'in','2017-11-24','2017-11-24',NULL,30,0),(9,15,2,1,NULL,1,'in','2017-11-24','2017-11-24',NULL,30,0),(10,15,2,1,NULL,1,'in','2017-11-24','2017-11-24',NULL,30,0),(11,15,2,1,NULL,1,'in','2017-11-24','2017-11-24',NULL,30,0),(12,17,2,2,NULL,20,'in','2018-02-12','2018-02-12',NULL,30,0),(13,15,2,NULL,12,5,'out','2018-02-12','2018-02-12',NULL,30,0),(14,15,2,4,NULL,3,'in','2018-02-12','2018-02-12',NULL,30,0),(15,16,2,6,NULL,1,'in','2018-12-09','2018-12-09',NULL,10,0),(16,17,2,7,NULL,1,'in','2018-12-09','2018-12-09',NULL,30,0),(17,15,2,8,NULL,1,'in','2018-12-09','2018-12-09',NULL,30,0),(18,15,2,NULL,13,2,'out','2018-12-09','2018-12-09',NULL,30,0),(19,17,2,NULL,14,1,'out','2018-12-09','2018-12-09',NULL,30,0),(20,17,2,NULL,15,1,'out','2018-12-09','2018-12-09',NULL,30,0),(21,17,2,NULL,16,1,'out','2018-12-09','2018-12-09',NULL,30,0),(22,17,2,NULL,17,1,'out','2018-12-09','2018-12-09',NULL,30,0),(23,17,2,NULL,18,1,'out','2018-12-09','2018-12-09',NULL,30,0),(24,17,2,NULL,19,1,'out','2018-12-09','2018-12-09',NULL,30,0),(25,15,2,38,NULL,1,'in','2018-12-09','2018-12-09',NULL,30,0),(26,15,2,38,NULL,1,'in','2018-12-09','2018-12-09',NULL,30,0),(27,15,2,38,NULL,1,'in','2018-12-09','2018-12-09',NULL,30,0),(28,15,2,38,NULL,1,'in','2018-12-09','2018-12-09',NULL,30,0),(29,15,2,38,NULL,1,'in','2018-12-09','2018-12-09',NULL,30,0),(30,15,2,39,NULL,1,'in','2018-12-09','2018-12-09',NULL,30,0),(31,15,2,40,NULL,1,'in','2018-12-09','2018-12-09',NULL,30,0),(32,15,2,41,NULL,1,'in','2018-12-09','2018-12-09',NULL,30,0),(33,15,2,42,NULL,1,'in','2018-12-09','2018-12-09',NULL,30,0),(34,15,2,43,NULL,1,'in','2018-12-09','2018-12-09',NULL,30,0),(35,15,2,44,NULL,1,'in','2018-12-09','2018-12-09',NULL,30,0),(36,15,2,NULL,20,1,'out','2018-12-09','2018-12-09',NULL,30,0),(37,15,2,NULL,21,1,'out','2018-12-09','2018-12-09',NULL,30,0),(38,15,2,NULL,22,1,'out','2018-12-09','2018-12-09',NULL,30,0),(39,15,2,NULL,23,2,'out','2018-12-09','2018-12-09',NULL,30,0),(40,15,2,NULL,24,2,'out','2018-12-09','2018-12-09',NULL,30,0),(41,15,2,NULL,25,2,'out','2018-12-09','2018-12-09',NULL,30,0),(42,15,2,NULL,26,1,'out','2018-12-09','2018-12-09',NULL,30,0),(43,15,2,NULL,27,1,'out','2018-12-09','2018-12-09',NULL,30,0),(44,17,2,48,NULL,1,'in','2018-12-09','2018-12-09',NULL,30,0),(45,17,2,48,NULL,1,'in','2018-12-09','2018-12-09',NULL,30,0),(46,17,2,NULL,28,2,'out','2018-12-09','2018-12-09',NULL,30,0),(47,17,2,NULL,29,1,'out','2018-12-09','2018-12-09',NULL,30,0),(48,17,2,NULL,30,1,'out','2018-12-09','2018-12-09',NULL,30,0),(49,17,2,NULL,31,1,'out','2018-12-09','2018-12-09',NULL,30,0),(50,17,2,NULL,32,1,'out','2018-12-09','2018-12-09',NULL,30,0),(51,17,2,NULL,33,1,'out','2018-12-09','2018-12-09',NULL,30,0),(52,17,2,NULL,34,1,'out','2018-12-09','2018-12-09',NULL,30,0),(53,17,2,NULL,35,2,'out','2018-12-09','2018-12-09',NULL,30,0),(54,17,2,NULL,36,1,'out','2018-12-09','2018-12-09',NULL,30,0),(55,17,2,NULL,37,1,'out','2018-12-09','2018-12-09',NULL,30,0),(56,17,2,NULL,38,1,'out','2018-12-09','2018-12-09',NULL,30,0),(57,17,2,50,NULL,10,'in','2018-12-09','2018-12-09',NULL,30,0),(58,17,2,NULL,39,1,'out','2018-12-09','2018-12-09',NULL,30,0),(59,15,2,45,NULL,1,'in','2018-12-09','2018-12-09',NULL,30,0),(60,17,2,NULL,40,1,'out','2018-12-09','2018-12-09',NULL,30,0),(61,17,2,NULL,41,2,'out','2018-12-09','2018-12-09',NULL,30,0),(62,17,2,NULL,42,11,'out','2018-12-09','2018-12-09',NULL,30,0),(63,17,2,51,NULL,10,'in','2018-12-09','2018-12-09',NULL,30,0),(64,17,2,NULL,43,1,'out','2018-12-09','2018-12-09',NULL,30,0),(65,17,2,NULL,44,1,'out','2018-12-09','2018-12-09',NULL,30,0),(66,17,2,NULL,45,1,'out','2018-12-09','2018-12-09',NULL,30,0),(67,17,2,NULL,46,1,'out','2018-12-09','2018-12-09',NULL,30,0),(68,15,2,NULL,47,1,'out','2018-12-09','2018-12-09',NULL,30,0),(69,15,2,52,NULL,4,'in','2018-12-09','2018-12-09',NULL,30,0),(70,15,2,NULL,48,4,'out','2018-12-09','2018-12-09',NULL,30,0),(71,17,2,NULL,48,1,'out','2018-12-09','2018-12-09',NULL,30,0),(72,15,2,53,NULL,3,'in','2018-12-09','2018-12-09',NULL,30,0),(73,17,2,54,NULL,3,'in','2018-12-09','2018-12-09',NULL,30,0),(74,96,2,55,NULL,48,'in','2018-12-17','2018-12-17',NULL,10,0),(75,96,2,56,NULL,2,'in','2018-12-18','2018-12-18',NULL,10,0),(76,33,3,58,NULL,1,'in','2018-12-19','2018-12-19',NULL,11,0),(77,33,3,NULL,49,1,'out','2018-12-19','2018-12-19',NULL,11,0),(78,97,3,NULL,50,0,'out','2018-12-19','2018-12-19',NULL,1,0),(79,97,3,59,NULL,1,'in','2018-12-19','2018-12-19',NULL,1,0),(80,33,3,61,NULL,1,'in','2018-12-19','2018-12-19',NULL,11,0),(81,102,21,64,NULL,7,'in','2018-12-23','2018-12-23',NULL,1,0),(82,105,21,65,NULL,12,'in','2018-12-23','2018-12-23',NULL,1,0),(83,105,21,NULL,51,7,'out','2018-12-23','2018-12-23',NULL,1,0),(84,105,21,66,NULL,10,'in','2018-12-23','2018-12-23',NULL,1,0),(85,105,21,NULL,52,10,'out','2018-12-23','2018-12-23',NULL,1,0),(86,33,3,NULL,53,1,'out','2018-12-26','2018-12-26',NULL,11,0),(87,97,3,NULL,54,1,'out','2018-12-26','2018-12-26',NULL,1,0),(88,115,3,68,NULL,123,'in','2018-12-26','2018-12-26',NULL,1,0),(89,115,3,NULL,55,1,'out','2018-12-26','2018-12-26',NULL,1,0),(90,115,3,NULL,56,1,'out','2018-12-26','2018-12-26',NULL,1,0),(91,115,3,NULL,57,1,'out','2018-12-27','2018-12-27',NULL,1,0),(92,96,2,67,NULL,1,'in','2019-01-21','2019-01-21',NULL,10,0),(93,96,2,73,NULL,6,'in','2019-02-06','2019-02-06',NULL,10,0),(94,96,2,72,NULL,1,'in','2019-02-06','2019-02-06',NULL,10,0),(95,118,2,72,NULL,1,'in','2019-02-06','2019-02-06',NULL,1,0),(96,119,2,72,NULL,3,'in','2019-02-06','2019-02-06',NULL,3,0),(97,96,2,71,NULL,1,'in','2019-02-06','2019-02-06',NULL,10,0),(98,118,2,71,NULL,1,'in','2019-02-06','2019-02-06',NULL,1,0),(99,119,2,71,NULL,3,'in','2019-02-06','2019-02-06',NULL,3,0),(100,118,2,NULL,58,1,'out','2019-02-06','2019-02-06',NULL,1,0),(101,53,10,75,NULL,15,'in','2019-02-12','2019-02-12',NULL,20,0),(102,39,10,74,NULL,8,'in','2019-02-12','2019-02-12',NULL,1,0),(103,36,10,77,NULL,200,'in','2019-02-12','2019-02-12',NULL,3,0),(104,36,10,NULL,59,2,'out','2019-02-12','2019-02-12',NULL,3,0),(105,124,10,80,NULL,300,'in','2019-02-14','2019-02-14',NULL,650,0),(106,125,10,80,NULL,120,'in','2019-02-14','2019-02-14',NULL,460,0),(107,96,2,69,NULL,1,'in','2019-02-15','2019-02-15',NULL,10,0),(108,125,10,NULL,60,4,'out','2019-02-15','2019-02-15',NULL,460,0),(109,125,10,NULL,61,5,'out','2019-02-15','2019-02-15',NULL,460,0),(110,68,13,82,NULL,4,'in','2019-02-15','2019-02-15',NULL,13,0),(111,66,13,81,NULL,7,'in','2019-02-15','2019-02-15',NULL,11,0),(112,56,13,81,NULL,2,'in','2019-02-15','2019-02-15',NULL,1,0),(113,56,13,NULL,62,2,'out','2019-02-15','2019-02-15',NULL,1,0),(114,68,13,NULL,62,1,'out','2019-02-15','2019-02-15',NULL,13,0),(115,66,13,NULL,62,1,'out','2019-02-15','2019-02-15',NULL,11,0),(116,125,10,NULL,63,3,'out','2019-02-15','2019-02-15',NULL,460,0),(117,124,10,NULL,64,15,'out','2019-02-15','2019-02-15',NULL,650,0),(118,96,2,NULL,65,1,'out','2019-02-15','2019-02-15',NULL,10,0),(119,69,13,83,NULL,20,'in','2019-02-16','2019-02-16',NULL,14,0),(120,69,13,NULL,66,1,'out','2019-02-16','2019-02-16',NULL,14,0),(121,69,13,NULL,67,1,'out','2019-02-16','2019-02-16',NULL,14,0),(122,125,10,NULL,68,1,'out','2019-02-16','2019-02-16',NULL,460,0);
/*!40000 ALTER TABLE `movements` ENABLE KEYS */;
UNLOCK TABLES;

--
-- Table structure for table `order_details`
--

DROP TABLE IF EXISTS `order_details`;
/*!40101 SET @saved_cs_client     = @@character_set_client */;
/*!40101 SET character_set_client = utf8 */;
CREATE TABLE `order_details` (
  `id` int(10) unsigned NOT NULL AUTO_INCREMENT,
  `order_id` int(10) unsigned NOT NULL,
  `product_id` int(10) unsigned NOT NULL,
  `product_name` varchar(255) COLLATE utf8_unicode_ci NOT NULL,
  `quantity` double(8,2) NOT NULL,
  `price` double(8,2) NOT NULL,
  `tax` int(11) NOT NULL,
  `deleted_at` timestamp NULL DEFAULT NULL,
  `created_at` timestamp NULL DEFAULT NULL,
  `updated_at` timestamp NULL DEFAULT NULL,
  PRIMARY KEY (`id`)
) ENGINE=InnoDB AUTO_INCREMENT=96 DEFAULT CHARSET=utf8 COLLATE=utf8_unicode_ci;
/*!40101 SET character_set_client = @saved_cs_client */;

--
-- Dumping data for table `order_details`
--

LOCK TABLES `order_details` WRITE;
/*!40000 ALTER TABLE `order_details` DISABLE KEYS */;
INSERT INTO `order_details` VALUES (1,1,15,'del segundo provider',1.00,30.00,0,'2017-11-24 15:41:21','2017-11-24 15:39:26','2017-11-24 15:41:21'),(2,2,17,'a@gmail provider',20.00,30.00,0,'2018-12-09 00:18:57','2018-01-25 02:16:30','2018-12-09 00:18:57'),(3,3,16,'del primer provider',10.00,10.00,0,'2018-12-09 00:19:02','2018-01-25 02:16:30','2018-12-09 00:19:02'),(4,3,15,'del segundo provider',10.00,30.00,0,'2018-12-09 00:19:02','2018-01-25 02:16:30','2018-12-09 00:19:02'),(5,4,15,'del segundo provider',3.00,30.00,0,'2018-12-09 00:19:04','2018-02-12 23:03:42','2018-12-09 00:19:04'),(6,5,16,'del primer provider',2.00,10.00,0,'2018-12-09 00:19:06','2018-12-09 00:18:32','2018-12-09 00:19:06'),(7,6,16,'del primer provider',1.00,10.00,0,'2018-12-09 00:41:39','2018-12-09 00:19:57','2018-12-09 00:41:39'),(8,7,17,'a@gmail provider',1.00,30.00,0,'2018-12-09 00:41:40','2018-12-09 00:21:59','2018-12-09 00:41:40'),(9,8,15,'del segundo provider',1.00,30.00,0,'2018-12-09 00:41:43','2018-12-09 00:31:02','2018-12-09 00:41:43'),(10,9,16,'del primer provider',1.00,10.00,0,'2018-12-09 02:34:13','2018-12-09 00:54:41','2018-12-09 02:34:13'),(11,10,16,'del primer provider',1.00,10.00,0,'2018-12-09 02:34:14','2018-12-09 00:57:26','2018-12-09 02:34:14'),(12,11,15,'AAAAAA',1.00,30.00,0,'2018-12-09 02:34:16','2018-12-09 01:05:15','2018-12-09 02:34:16'),(13,12,15,'AAAAAA',1.00,30.00,0,'2018-12-09 02:34:17','2018-12-09 01:06:17','2018-12-09 02:34:17'),(14,13,15,'AAAAAA',1.00,30.00,0,'2018-12-09 02:34:19','2018-12-09 02:28:05','2018-12-09 02:34:19'),(15,14,15,'AAAAAA',1.00,30.00,0,'2018-12-09 02:34:21','2018-12-09 02:28:19','2018-12-09 02:34:21'),(16,15,15,'AAAAAA',1.00,30.00,0,'2018-12-09 02:34:22','2018-12-09 02:33:14','2018-12-09 02:34:22'),(17,16,15,'AAAAAA',1.00,30.00,0,'2018-12-09 02:34:24','2018-12-09 02:33:17','2018-12-09 02:34:24'),(18,17,15,'AAAAAA',1.00,30.00,0,'2018-12-09 02:34:25','2018-12-09 02:33:18','2018-12-09 02:34:25'),(19,18,15,'AAAAAA',1.00,30.00,0,'2018-12-09 02:34:27','2018-12-09 02:33:18','2018-12-09 02:34:27'),(20,19,15,'AAAAAA',1.00,30.00,0,'2018-12-09 02:34:28','2018-12-09 02:33:19','2018-12-09 02:34:28'),(21,20,15,'AAAAAA',1.00,30.00,0,'2018-12-09 02:34:30','2018-12-09 02:33:20','2018-12-09 02:34:30'),(22,21,15,'AAAAAA',1.00,30.00,0,'2018-12-09 02:34:32','2018-12-09 02:33:20','2018-12-09 02:34:32'),(23,22,15,'AAAAAA',1.00,30.00,0,'2018-12-09 02:34:34','2018-12-09 02:33:25','2018-12-09 02:34:34'),(24,23,15,'AAAAAA',1.00,30.00,0,'2018-12-09 02:34:35','2018-12-09 02:33:27','2018-12-09 02:34:35'),(25,24,15,'AAAAAA',1.00,30.00,0,'2018-12-09 02:34:37','2018-12-09 02:33:28','2018-12-09 02:34:37'),(26,25,15,'AAAAAA',1.00,30.00,0,'2018-12-09 02:34:38','2018-12-09 02:33:29','2018-12-09 02:34:38'),(27,26,15,'AAAAAA',1.00,30.00,0,'2018-12-09 02:34:39','2018-12-09 02:33:29','2018-12-09 02:34:39'),(28,27,15,'AAAAAA',1.00,30.00,0,'2018-12-09 02:34:41','2018-12-09 02:33:30','2018-12-09 02:34:41'),(29,28,15,'AAAAAA',1.00,30.00,0,'2018-12-09 02:34:42','2018-12-09 02:33:31','2018-12-09 02:34:42'),(30,29,15,'AAAAAA',1.00,30.00,0,'2018-12-09 02:34:43','2018-12-09 02:33:32','2018-12-09 02:34:43'),(31,30,15,'AAAAAA',1.00,30.00,0,'2018-12-09 02:34:45','2018-12-09 02:33:47','2018-12-09 02:34:45'),(32,31,15,'AAAAAA',1.00,30.00,0,'2018-12-09 02:34:47','2018-12-09 02:33:50','2018-12-09 02:34:47'),(33,32,15,'AAAAAA',1.00,30.00,0,'2018-12-09 02:34:48','2018-12-09 02:33:54','2018-12-09 02:34:48'),(34,33,15,'AAAAAA',1.00,30.00,0,'2018-12-09 02:34:49','2018-12-09 02:33:56','2018-12-09 02:34:49'),(35,34,15,'AAAAAA',1.00,30.00,0,'2018-12-09 02:34:50','2018-12-09 02:33:58','2018-12-09 02:34:50'),(36,35,15,'AAAAAA',1.00,30.00,0,'2018-12-09 02:34:51','2018-12-09 02:33:59','2018-12-09 02:34:51'),(37,36,15,'AAAAAA',1.00,30.00,0,'2018-12-09 02:34:53','2018-12-09 02:34:03','2018-12-09 02:34:53'),(38,37,15,'AAAAAA',1.00,30.00,0,'2018-12-09 02:34:54','2018-12-09 02:34:04','2018-12-09 02:34:54'),(39,38,15,'AAAAAA',1.00,30.00,0,NULL,'2018-12-09 02:35:36','2018-12-09 02:35:36'),(40,39,15,'AAAAAA',1.00,30.00,0,NULL,'2018-12-09 02:56:40','2018-12-09 02:56:40'),(41,40,15,'AAAAAA',1.00,30.00,0,NULL,'2018-12-09 03:41:58','2018-12-09 03:41:58'),(42,41,15,'AAAAAA',1.00,30.00,0,NULL,'2018-12-09 03:42:50','2018-12-09 03:42:50'),(43,42,15,'AAAAAA',1.00,30.00,0,NULL,'2018-12-09 03:45:10','2018-12-09 03:45:10'),(44,43,15,'AAAAAA',1.00,30.00,0,NULL,'2018-12-09 03:46:26','2018-12-09 03:46:26'),(45,44,15,'AAAAAA',1.00,30.00,0,NULL,'2018-12-09 03:50:24','2018-12-09 03:50:24'),(46,45,15,'AAAAAA',1.00,30.00,0,NULL,'2018-12-09 03:55:17','2018-12-09 03:55:17'),(47,46,17,'a@gmail provider',1.00,30.00,0,'2018-12-09 05:13:59','2018-12-09 03:55:53','2018-12-09 05:13:59'),(48,47,17,'a@gmail provider',1.00,30.00,0,'2018-12-09 03:58:23','2018-12-09 03:58:04','2018-12-09 03:58:23'),(49,48,17,'a@gmail provider',1.00,30.00,0,NULL,'2018-12-09 04:42:43','2018-12-09 04:42:43'),(50,49,15,'AAAAAA',22.00,30.00,0,'2018-12-09 04:43:22','2018-12-09 04:42:43','2018-12-09 04:43:22'),(51,50,17,'a@gmail provider',10.00,30.00,0,NULL,'2018-12-09 05:12:24','2018-12-09 05:12:24'),(52,51,17,'a@gmail provider',10.00,30.00,0,NULL,'2018-12-09 05:17:25','2018-12-09 05:17:25'),(53,52,15,'AAAAAA',4.00,30.00,0,NULL,'2018-12-09 05:57:00','2018-12-09 05:57:00'),(54,53,15,'AAAAAA',3.00,30.00,0,NULL,'2018-12-09 06:09:06','2018-12-09 06:09:06'),(55,54,17,'a@gmail provider',3.00,30.00,0,NULL,'2018-12-09 06:09:26','2018-12-09 06:09:26'),(56,55,96,'Producto1',48.00,10.00,0,NULL,'2018-12-17 15:07:00','2018-12-17 15:07:00'),(57,56,96,'Producto1',2.00,10.00,0,NULL,'2018-12-18 02:36:43','2018-12-18 02:36:43'),(58,57,96,'Producto1',1.00,10.00,0,'2018-12-18 02:40:55','2018-12-18 02:40:10','2018-12-18 02:40:55'),(59,58,33,'asassa',1.00,11.00,0,NULL,'2018-12-19 01:15:17','2018-12-19 01:15:17'),(60,59,97,'PPPPP',1.00,1.00,0,NULL,'2018-12-19 03:07:26','2018-12-19 03:07:26'),(61,60,97,'PPPPP',1.00,1.00,0,'2018-12-19 13:40:29','2018-12-19 03:09:12','2018-12-19 13:40:29'),(62,61,33,'asassa',1.00,11.00,0,NULL,'2018-12-19 13:40:42','2018-12-19 13:40:42'),(63,62,107,'sddsasda',4.00,1.00,0,'2018-12-23 01:24:58','2018-12-23 01:21:00','2018-12-23 01:24:58'),(64,63,108,'hgfhgfhgfh',4.00,234.00,0,'2018-12-23 01:25:01','2018-12-23 01:21:00','2018-12-23 01:25:01'),(65,64,102,'LLLL',7.00,1.00,0,NULL,'2018-12-23 01:21:00','2018-12-23 01:21:00'),(66,63,109,'hgjh',1.00,1.00,0,'2018-12-23 01:25:01','2018-12-23 01:21:00','2018-12-23 01:25:01'),(67,65,105,'    FFSD',12.00,1.00,0,NULL,'2018-12-23 01:41:11','2018-12-23 01:41:11'),(68,66,105,'    FFSD',10.00,1.00,0,NULL,'2018-12-23 01:49:46','2018-12-23 01:49:46'),(69,67,96,'Producto1',1.00,10.00,0,NULL,'2018-12-23 21:24:38','2018-12-23 21:24:38'),(70,68,115,'jjjjjjllll',123.00,1.00,0,NULL,'2018-12-26 23:49:03','2018-12-26 23:49:03'),(71,69,96,'Producto1',1.00,10.00,0,NULL,'2019-02-06 01:06:08','2019-02-06 01:06:08'),(72,70,96,'Producto1',1.00,10.00,0,NULL,'2019-02-06 01:06:17','2019-02-06 01:06:17'),(73,70,118,'Producto 2',1.00,1.00,0,NULL,'2019-02-06 01:06:17','2019-02-06 01:06:17'),(74,71,96,'Producto1',1.00,10.00,0,NULL,'2019-02-06 01:06:26','2019-02-06 01:06:26'),(75,71,118,'Producto 2',1.00,1.00,0,NULL,'2019-02-06 01:06:26','2019-02-06 01:06:26'),(76,71,119,'Producto 3',3.00,3.00,0,NULL,'2019-02-06 01:06:26','2019-02-06 01:06:26'),(77,72,96,'Producto1',1.00,10.00,0,NULL,'2019-02-06 01:06:34','2019-02-06 01:06:34'),(78,72,118,'Producto 2',1.00,1.00,0,NULL,'2019-02-06 01:06:34','2019-02-06 01:06:34'),(79,72,119,'Producto 3',3.00,3.00,0,NULL,'2019-02-06 01:06:34','2019-02-06 01:06:34'),(80,73,96,'Producto1',6.00,10.00,0,NULL,'2019-02-06 01:07:06','2019-02-06 01:07:06'),(81,74,39,'Producto6',8.00,1.00,0,NULL,'2019-02-12 02:14:16','2019-02-12 02:14:16'),(82,75,53,'Producto20',15.00,20.00,0,NULL,'2019-02-12 02:14:16','2019-02-12 02:14:16'),(83,76,36,'Producto3',300.00,3.00,0,'2019-02-12 02:26:51','2019-02-12 02:26:28','2019-02-12 02:26:51'),(84,76,37,'Producto4',30.00,4.00,0,'2019-02-12 02:26:51','2019-02-12 02:26:29','2019-02-12 02:26:51'),(85,76,38,'Producto5',18.00,5.00,0,'2019-02-12 02:26:51','2019-02-12 02:26:29','2019-02-12 02:26:51'),(86,77,36,'Producto3',200.00,3.00,0,NULL,'2019-02-12 02:28:46','2019-02-12 02:28:46'),(87,78,39,'Producto6',66.00,1.00,0,NULL,'2019-02-12 21:06:58','2019-02-12 21:06:58'),(88,79,124,'Camisa slim poplin',300.00,650.00,0,NULL,'2019-02-12 21:06:58','2019-02-12 21:06:58'),(89,79,125,'Camisa ML rafia',120.00,459.99,0,NULL,'2019-02-12 21:06:58','2019-02-12 21:06:58'),(90,80,124,'Camisa slim poplin',300.00,650.00,0,NULL,'2019-02-14 19:15:03','2019-02-14 19:15:03'),(91,80,125,'Camisa ML rafia',120.00,459.99,0,NULL,'2019-02-14 19:15:03','2019-02-14 19:15:03'),(92,81,66,'Producto11',7.00,11.00,0,NULL,'2019-02-15 21:49:19','2019-02-15 21:49:19'),(93,81,56,'Producto1',2.00,1.00,0,NULL,'2019-02-15 21:49:19','2019-02-15 21:49:19'),(94,82,68,'Producto13',4.00,13.00,0,NULL,'2019-02-15 21:49:19','2019-02-15 21:49:19'),(95,83,69,'Producto14',20.00,14.00,0,NULL,'2019-02-16 00:39:59','2019-02-16 00:39:59');
/*!40000 ALTER TABLE `order_details` ENABLE KEYS */;
UNLOCK TABLES;

--
-- Table structure for table `orders`
--

DROP TABLE IF EXISTS `orders`;
/*!40101 SET @saved_cs_client     = @@character_set_client */;
/*!40101 SET character_set_client = utf8 */;
CREATE TABLE `orders` (
  `id` int(10) unsigned NOT NULL AUTO_INCREMENT,
  `provider_id` int(10) unsigned NOT NULL,
  `user_id` int(10) unsigned NOT NULL,
  `status` enum('C','R') COLLATE utf8_unicode_ci NOT NULL DEFAULT 'C',
  `letter` enum('A','B','C','M','E','X') COLLATE utf8_unicode_ci DEFAULT NULL,
  `provider_name` varchar(255) COLLATE utf8_unicode_ci NOT NULL,
  `provider_cuit` bigint(20) unsigned DEFAULT NULL,
  `provider_address` varchar(255) COLLATE utf8_unicode_ci DEFAULT NULL,
  `subtotal` double(8,2) NOT NULL DEFAULT '0.00',
  `discount` double(8,2) NOT NULL DEFAULT '0.00',
  `taxes` varchar(255) COLLATE utf8_unicode_ci NOT NULL DEFAULT '0',
  `total` double(8,2) NOT NULL DEFAULT '0.00',
  `company_id` int(10) unsigned DEFAULT NULL,
  `deleted_at` timestamp NULL DEFAULT NULL,
  `created_at` timestamp NULL DEFAULT NULL,
  `updated_at` timestamp NULL DEFAULT NULL,
  PRIMARY KEY (`id`)
) ENGINE=InnoDB AUTO_INCREMENT=84 DEFAULT CHARSET=utf8 COLLATE=utf8_unicode_ci;
/*!40101 SET character_set_client = @saved_cs_client */;

--
-- Dumping data for table `orders`
--

LOCK TABLES `orders` WRITE;
/*!40000 ALTER TABLE `orders` DISABLE KEYS */;
INSERT INTO `orders` VALUES (1,2,4,'R','','proveedor2',0,'proveedor2',30.00,0.00,'0',30.00,2,'2017-11-24 15:41:21','2017-11-24 15:39:26','2017-11-24 15:41:21'),(2,1,4,'R','','a@gmail.com',0,'a2@gmail.com',600.00,0.00,'0',600.00,2,'2018-12-09 00:18:57','2018-01-25 02:16:30','2018-12-09 00:18:57'),(3,2,4,'C','','proveedor2',0,'proveedor2',600.00,0.00,'0',600.00,2,'2018-12-09 00:19:02','2018-01-25 02:16:30','2018-12-09 00:19:02'),(4,2,4,'R','','proveedor2',0,'proveedor2',90.00,0.00,'0',90.00,2,'2018-12-09 00:19:04','2018-02-12 23:03:42','2018-12-09 00:19:04'),(5,2,4,'C','','proveedor2',0,'proveedor2',60.00,0.00,'0',60.00,2,'2018-12-09 00:19:06','2018-12-09 00:18:32','2018-12-09 00:19:06'),(6,2,4,'R','','proveedor2',0,'proveedor2',30.00,0.00,'0',30.00,2,'2018-12-09 00:41:39','2018-12-09 00:19:57','2018-12-09 00:41:39'),(7,1,4,'R','','a@gmail.com',0,'a2@gmail.com',30.00,0.00,'0',30.00,2,'2018-12-09 00:41:40','2018-12-09 00:21:59','2018-12-09 00:41:40'),(8,2,4,'R','','proveedor2',0,'proveedor2',30.00,0.00,'0',30.00,2,'2018-12-09 00:41:43','2018-12-09 00:31:02','2018-12-09 00:41:43'),(9,2,4,'C','','proveedor2',0,'proveedor2',30.00,0.00,'0',30.00,2,'2018-12-09 02:34:13','2018-12-09 00:54:41','2018-12-09 02:34:13'),(10,2,4,'C','','proveedor2',0,'proveedor2',30.00,0.00,'0',30.00,2,'2018-12-09 02:34:14','2018-12-09 00:57:26','2018-12-09 02:34:14'),(11,2,4,'C','C','proveedor2',0,'proveedor2',30.00,0.00,'0',30.00,2,'2018-12-09 02:34:16','2018-12-09 01:05:15','2018-12-09 02:34:16'),(12,2,4,'C','E','proveedor2',0,'proveedor2',30.00,0.00,'0',30.00,2,'2018-12-09 02:34:17','2018-12-09 01:06:17','2018-12-09 02:34:17'),(13,2,4,'C','C','proveedor2',0,'proveedor2',30.00,0.00,'0',30.00,2,'2018-12-09 02:34:19','2018-12-09 02:28:05','2018-12-09 02:34:19'),(14,2,4,'C','C','proveedor2',0,'proveedor2',30.00,0.00,'0',30.00,2,'2018-12-09 02:34:21','2018-12-09 02:28:19','2018-12-09 02:34:21'),(15,2,4,'C','C','proveedor2',0,'proveedor2',30.00,0.00,'0',30.00,2,'2018-12-09 02:34:22','2018-12-09 02:33:14','2018-12-09 02:34:22'),(16,2,4,'C','C','proveedor2',0,'proveedor2',30.00,0.00,'0',30.00,2,'2018-12-09 02:34:24','2018-12-09 02:33:17','2018-12-09 02:34:24'),(17,2,4,'C','C','proveedor2',0,'proveedor2',30.00,0.00,'0',30.00,2,'2018-12-09 02:34:25','2018-12-09 02:33:18','2018-12-09 02:34:25'),(18,2,4,'C','C','proveedor2',0,'proveedor2',30.00,0.00,'0',30.00,2,'2018-12-09 02:34:27','2018-12-09 02:33:18','2018-12-09 02:34:27'),(19,2,4,'C','C','proveedor2',0,'proveedor2',30.00,0.00,'0',30.00,2,'2018-12-09 02:34:28','2018-12-09 02:33:19','2018-12-09 02:34:28'),(20,2,4,'C','C','proveedor2',0,'proveedor2',30.00,0.00,'0',30.00,2,'2018-12-09 02:34:31','2018-12-09 02:33:20','2018-12-09 02:34:31'),(21,2,4,'C','C','proveedor2',0,'proveedor2',30.00,0.00,'0',30.00,2,'2018-12-09 02:34:32','2018-12-09 02:33:20','2018-12-09 02:34:32'),(22,2,4,'C','C','proveedor2',0,'proveedor2',30.00,0.00,'0',30.00,2,'2018-12-09 02:34:34','2018-12-09 02:33:25','2018-12-09 02:34:34'),(23,2,4,'C','C','proveedor2',0,'proveedor2',30.00,0.00,'0',30.00,2,'2018-12-09 02:34:35','2018-12-09 02:33:27','2018-12-09 02:34:35'),(24,2,4,'C','C','proveedor2',0,'proveedor2',30.00,0.00,'0',30.00,2,'2018-12-09 02:34:37','2018-12-09 02:33:28','2018-12-09 02:34:37'),(25,2,4,'C','C','proveedor2',0,'proveedor2',30.00,0.00,'0',30.00,2,'2018-12-09 02:34:38','2018-12-09 02:33:29','2018-12-09 02:34:38'),(26,2,4,'C','C','proveedor2',0,'proveedor2',30.00,0.00,'0',30.00,2,'2018-12-09 02:34:39','2018-12-09 02:33:29','2018-12-09 02:34:39'),(27,2,4,'C','C','proveedor2',0,'proveedor2',30.00,0.00,'0',30.00,2,'2018-12-09 02:34:41','2018-12-09 02:33:30','2018-12-09 02:34:41'),(28,2,4,'C','C','proveedor2',0,'proveedor2',30.00,0.00,'0',30.00,2,'2018-12-09 02:34:42','2018-12-09 02:33:31','2018-12-09 02:34:42'),(29,2,4,'C','C','proveedor2',0,'proveedor2',30.00,0.00,'0',30.00,2,'2018-12-09 02:34:43','2018-12-09 02:33:32','2018-12-09 02:34:43'),(30,2,4,'C','C','proveedor2',0,'proveedor2',30.00,0.00,'0',30.00,2,'2018-12-09 02:34:45','2018-12-09 02:33:47','2018-12-09 02:34:45'),(31,2,4,'C','C','proveedor2',0,'proveedor2',30.00,0.00,'0',30.00,2,'2018-12-09 02:34:47','2018-12-09 02:33:50','2018-12-09 02:34:47'),(32,2,4,'C','C','proveedor2',0,'proveedor2',30.00,0.00,'0',30.00,2,'2018-12-09 02:34:48','2018-12-09 02:33:54','2018-12-09 02:34:48'),(33,2,4,'C','C','proveedor2',0,'proveedor2',30.00,0.00,'0',30.00,2,'2018-12-09 02:34:49','2018-12-09 02:33:56','2018-12-09 02:34:49'),(34,2,4,'C','C','proveedor2',0,'proveedor2',30.00,0.00,'0',30.00,2,'2018-12-09 02:34:50','2018-12-09 02:33:58','2018-12-09 02:34:50'),(35,2,4,'C','C','proveedor2',0,'proveedor2',30.00,0.00,'0',30.00,2,'2018-12-09 02:34:51','2018-12-09 02:33:59','2018-12-09 02:34:51'),(36,2,4,'C','C','proveedor2',0,'proveedor2',30.00,0.00,'0',30.00,2,'2018-12-09 02:34:53','2018-12-09 02:34:03','2018-12-09 02:34:53'),(37,2,4,'C','C','proveedor2',0,'proveedor2',30.00,0.00,'0',30.00,2,'2018-12-09 02:34:54','2018-12-09 02:34:04','2018-12-09 02:34:54'),(38,2,4,'R','C','proveedor2',0,'proveedor2',30.00,0.00,'0',30.00,2,NULL,'2018-12-09 02:35:36','2018-12-09 03:57:19'),(39,2,4,'R','C','proveedor2',0,'proveedor2',30.00,0.00,'0',30.00,2,NULL,'2018-12-09 02:56:40','2018-12-09 03:57:24'),(40,2,4,'R','C','proveedor2',0,'proveedor2',30.00,0.00,'0',30.00,2,NULL,'2018-12-09 03:41:58','2018-12-09 03:57:25'),(41,2,4,'R','C','proveedor2',0,'proveedor2',30.00,0.00,'0',30.00,2,NULL,'2018-12-09 03:42:50','2018-12-09 03:57:26'),(42,2,4,'R','C','proveedor2',0,'proveedor2',30.00,0.00,'0',30.00,2,NULL,'2018-12-09 03:45:10','2018-12-09 03:57:27'),(43,2,4,'R','C','proveedor2',0,'proveedor2',30.00,0.00,'0',30.00,2,NULL,'2018-12-09 03:46:26','2018-12-09 03:57:28'),(44,2,4,'R','C','proveedor2',0,'proveedor2',30.00,0.00,'0',30.00,2,NULL,'2018-12-09 03:50:24','2018-12-09 03:57:29'),(45,2,4,'R','C','proveedor2',0,'proveedor2',30.00,0.00,'0',30.00,2,NULL,'2018-12-09 03:55:17','2018-12-09 05:13:51'),(46,1,4,'C','C','a@gmail.com',0,'a2@gmail.com',30.00,0.00,'0',30.00,2,'2018-12-09 05:13:59','2018-12-09 03:55:53','2018-12-09 05:13:59'),(47,1,4,'C','','a@gmail.com',0,'a2@gmail.com',30.00,0.00,'0',30.00,2,'2018-12-09 03:58:23','2018-12-09 03:58:04','2018-12-09 03:58:23'),(48,1,4,'R','C','a@gmail.com',0,'a2@gmail.com',30.00,0.00,'0',30.00,2,NULL,'2018-12-09 04:42:43','2018-12-09 04:43:32'),(49,2,4,'C','C','proveedor2',0,'proveedor2',660.00,0.00,'0',660.00,2,'2018-12-09 04:43:22','2018-12-09 04:42:43','2018-12-09 04:43:22'),(50,1,4,'R','C','a@gmail.com',0,'a2@gmail.com',300.00,0.00,'0',300.00,2,NULL,'2018-12-09 05:12:24','2018-12-09 05:12:43'),(51,1,4,'R','E','a@gmail.com',0,'a2@gmail.com',300.00,0.00,'0',300.00,2,NULL,'2018-12-09 05:17:25','2018-12-09 05:17:33'),(52,2,4,'R','C','proveedor2',0,'proveedor2',120.00,0.00,'0',120.00,2,NULL,'2018-12-09 05:57:00','2018-12-09 05:57:07'),(53,2,4,'R','C','proveedor2',0,'proveedor2',90.00,0.00,'0',90.00,2,NULL,'2018-12-09 06:09:06','2018-12-09 06:09:13'),(54,1,4,'R','C','a@gmail.com',0,'a2@gmail.com',90.00,0.00,'0',90.00,2,NULL,'2018-12-09 06:09:26','2018-12-09 06:09:36'),(55,3,4,'R','E','AAAAAA',12345678901,'AAAAAA 121',720.00,0.00,'0',720.00,2,NULL,'2018-12-17 15:07:00','2018-12-17 15:07:15'),(56,3,4,'R','C','AAAAAA',12345678901,'AAAAAA 121',30.00,0.00,'0',30.00,2,NULL,'2018-12-18 02:36:43','2018-12-18 02:37:12'),(57,3,4,'C','C','AAAAAA',12345678901,'AAAAAA 121',15.00,0.00,'0',15.00,2,'2018-12-18 02:40:55','2018-12-18 02:40:10','2018-12-18 02:40:55'),(58,17,5,'R','C','Provider1',24366017314,'Provider1',11.00,0.00,'0',11.00,3,NULL,'2018-12-19 01:15:17','2018-12-19 01:15:29'),(59,17,5,'R','C','Provider1',24366017314,'Provider1',1.00,0.00,'0',1.00,3,NULL,'2018-12-19 03:07:26','2018-12-19 03:10:01'),(60,17,5,'C','E','Provider1',24366017314,'Provider1',1.00,0.00,'0',1.00,3,'2018-12-19 13:40:29','2018-12-19 03:09:12','2018-12-19 13:40:29'),(61,17,5,'R','C','Provider1',24366017314,'Provider1',11.00,0.00,'0',11.00,3,NULL,'2018-12-19 13:40:42','2018-12-19 13:41:05'),(62,33,27,'C','C','OOOOOO',11111111111,'OOOOOO',4.00,0.00,'0',4.00,21,'2018-12-23 01:24:58','2018-12-23 01:21:00','2018-12-23 01:24:58'),(63,35,27,'C','C','DDDDDD',22222222222,'DDDDDD',845.00,0.00,'0',845.00,21,'2018-12-23 01:25:01','2018-12-23 01:21:00','2018-12-23 01:25:01'),(64,32,27,'R','E','PPPPPPs',11111111111,'PPPPPP',7.00,0.00,'0',7.00,21,NULL,'2018-12-23 01:21:00','2018-12-23 01:25:05'),(65,32,27,'R','E','PPPPPPs',11111111111,'PPPPPP',12.00,0.00,'0',12.00,21,NULL,'2018-12-23 01:41:11','2018-12-23 01:41:31'),(66,32,27,'R','C','PPPPPPs',11111111111,'PPPPPP',10.00,0.00,'0',10.00,21,NULL,'2018-12-23 01:49:46','2018-12-23 01:49:53'),(67,3,4,'R','C','AAAAAA',12345678901,'AAAAAA 121',15.00,0.00,'0',15.00,2,NULL,'2018-12-23 21:24:38','2019-01-21 22:46:29'),(68,17,5,'R','C','Provider1',24366017314,'Provider1',369.00,0.00,'0',369.00,3,NULL,'2018-12-26 23:49:03','2018-12-26 23:49:05'),(69,3,4,'R','C','AAAAAA',12345678901,'AAAAAA 121',15.00,0.00,'0',15.00,2,NULL,'2019-02-06 01:06:08','2019-02-15 01:48:04'),(70,3,4,'C','C','AAAAAA',12345678901,'AAAAAA 121',16.00,0.00,'0',16.00,2,NULL,'2019-02-06 01:06:17','2019-02-06 01:06:17'),(71,3,4,'R','C','AAAAAA',12345678901,'AAAAAA 121',25.00,0.00,'0',25.00,2,NULL,'2019-02-06 01:06:26','2019-02-06 01:19:14'),(72,3,4,'R','C','AAAAAA',12345678901,'AAAAAA 121',25.00,0.00,'0',25.00,2,NULL,'2019-02-06 01:06:34','2019-02-06 01:19:11'),(73,3,4,'R','C','AAAAAA',12345678901,'AAAAAA 121',90.00,0.00,'0',90.00,2,NULL,'2019-02-06 01:07:06','2019-02-06 01:07:15'),(74,8,8,'R','E','Proveedor2',22222222222,'Mitre 5532434',8.00,0.00,'0',8.00,10,NULL,'2019-02-12 02:14:16','2019-02-12 02:14:49'),(75,11,8,'R','E','Proveedor5',55555555555,'Entre Rios 863',300.00,0.00,'0',300.00,10,NULL,'2019-02-12 02:14:16','2019-02-12 02:14:42'),(76,7,8,'C','C','Proveedor1',11111111111,'Rivadavia 132',1110.00,0.00,'0',1110.00,10,'2019-02-12 02:26:51','2019-02-12 02:26:28','2019-02-12 02:26:51'),(77,7,8,'R','E','Proveedor1',11111111111,'Rivadavia 132',600.00,0.00,'0',600.00,10,NULL,'2019-02-12 02:28:46','2019-02-12 02:28:58'),(78,8,8,'C','C','Proveedor2',22222222222,'Mitre 5532434',66.00,0.00,'0',66.00,10,NULL,'2019-02-12 21:06:58','2019-02-12 21:06:58'),(79,9,8,'C','C','Proveedor3',33333333333,'Rivadavia 9338',536998.80,0.00,'0',536998.80,10,NULL,'2019-02-12 21:06:58','2019-02-12 21:06:58'),(80,9,8,'R','C','Proveedor3',33333333333,'Rivadavia 9338',250198.80,0.00,'0',250198.80,10,NULL,'2019-02-14 19:15:03','2019-02-14 19:15:57'),(81,19,11,'R','E','Proveedor1',11111111111,'Proveedor1',79.00,0.00,'0',79.00,13,NULL,'2019-02-15 21:49:19','2019-02-15 21:49:56'),(82,21,11,'R','C','Proveedor3',33333333333,'Proveedor3',52.00,0.00,'0',52.00,13,NULL,'2019-02-15 21:49:19','2019-02-15 21:49:54'),(83,22,11,'R','C','Proveedor4',44444444444,'Proveedor4',280.00,0.00,'0',280.00,13,NULL,'2019-02-16 00:39:59','2019-02-16 00:40:20');
/*!40000 ALTER TABLE `orders` ENABLE KEYS */;
UNLOCK TABLES;

--
-- Table structure for table `products`
--

DROP TABLE IF EXISTS `products`;
/*!40101 SET @saved_cs_client     = @@character_set_client */;
/*!40101 SET character_set_client = utf8 */;
CREATE TABLE `products` (
  `id` int(10) unsigned NOT NULL AUTO_INCREMENT,
  `company_id` int(10) unsigned NOT NULL,
  `provider_id` int(11) NOT NULL,
  `name` varchar(255) COLLATE utf8_unicode_ci NOT NULL,
  `code` varchar(255) COLLATE utf8_unicode_ci NOT NULL,
  `description` varchar(255) COLLATE utf8_unicode_ci NOT NULL,
  `cost_price` varchar(255) COLLATE utf8_unicode_ci NOT NULL,
  `sale_price` varchar(255) COLLATE utf8_unicode_ci NOT NULL,
  `category_id` varchar(255) COLLATE utf8_unicode_ci NOT NULL,
  `created_at` date DEFAULT NULL,
  `updated_at` date DEFAULT NULL,
  `deleted_at` date DEFAULT NULL,
  PRIMARY KEY (`id`)
) ENGINE=InnoDB AUTO_INCREMENT=128 DEFAULT CHARSET=utf8 COLLATE=utf8_unicode_ci;
/*!40101 SET character_set_client = @saved_cs_client */;

--
-- Dumping data for table `products`
--

LOCK TABLES `products` WRITE;
/*!40000 ALTER TABLE `products` DISABLE KEYS */;
INSERT INTO `products` VALUES (14,1,1,'del primer provider 1','30','del primer provider','20','30','30','2017-10-19','2017-11-01',NULL),(15,2,2,'AAAAAA','10','AAAAAA','30','30','10','2017-10-19','2018-12-09','2018-12-09'),(16,3,2,'AAAAAA','-30','AAAAAA','10','30','-30','2017-10-19','2018-12-12','2018-12-12'),(17,14,1,'a@gmail provider','302','del segundo provideraa','302','302','302','2017-11-03','2018-12-12',NULL),(18,2,3,'AAAAAA','1','AAAAAA','1','1','1','2018-12-12','2018-12-12','2018-12-12'),(19,3,14,'AAAAAA','AAAAAA','AAAAAA','1','1','AAAAAA','2018-12-12','2018-12-12','2018-12-12'),(20,17,3,'test','1','test','1','1','1','2018-12-12','2018-12-14','2018-12-15'),(21,3,14,'SSSS','SSSS','SSSS','1','1','SSSS','2018-12-12','2018-12-12','2018-12-12'),(22,17,18,'saassa','1','assa','1','1','1','2018-12-14','2018-12-14','2018-12-15'),(23,17,17,'testStock','1','testStock','1','1','1','2018-12-14','2018-12-14','2018-12-15'),(24,3,17,'fffff','2','ffff','222','2','2','2018-12-14','2018-12-14','2018-12-14'),(25,3,17,'dssdds','2','ddsds','2','2','2','2018-12-14','2018-12-14','2018-12-14'),(26,3,17,'testingStock','1','testingStock','1','1','1','2018-12-14','2018-12-14','2018-12-14'),(27,3,17,'testStock','1','1232','1','1','1','2018-12-14','2018-12-14','2018-12-14'),(28,3,17,'testStock','1','testStock','1','1','1','2018-12-14','2018-12-14','2018-12-14'),(29,3,17,'testStock','1','testStock','1','1','1','2018-12-14','2018-12-14','2018-12-14'),(30,3,17,'testing','11','testing','1','1','1','2018-12-14','2018-12-14','2018-12-14'),(31,3,17,'testing','1','testing','1','1','1','2018-12-14','2018-12-14','2018-12-15'),(32,3,17,'CCCCC','1','CCCCC','1','1','1','2018-12-15','2018-12-15','2018-12-15'),(33,3,17,'asassa','11','assasa','11','11','11','2018-12-15','2018-12-15',NULL),(34,7,7,'Producto1','1','Producto1','1','1','1','2018-12-15','2018-12-15',NULL),(35,7,7,'Producto2','2','Producto2','2','2','2','2018-12-15','2018-12-15',NULL),(36,10,7,'Producto3','3','Producto3','3','3','3','2018-12-15','2018-12-15',NULL),(37,10,7,'Producto4','4','Producto4','4','4','4','2018-12-15','2018-12-15',NULL),(38,10,7,'Producto5','5','Producto5','5','5','5','2018-12-15','2018-12-15',NULL),(39,10,8,'Producto6','1','Producto6','1','1','1','2018-12-15','2018-12-15',NULL),(40,10,8,'Producto7','7','Producto7','7','7','7','2018-12-15','2018-12-15',NULL),(41,10,9,'Producto8','8','Producto8','8','8','8','2018-12-15','2018-12-15',NULL),(42,10,9,'Producto9','9','Producto9','9','9','9','2018-12-15','2018-12-15',NULL),(43,10,9,'Producto10','10','Producto10','10','10','10','2018-12-15','2018-12-15',NULL),(44,10,9,'Producto11','11','Producto11','11','11','11','2018-12-15','2018-12-15',NULL),(45,10,9,'Producto12','12','Producto12','12','12','12','2018-12-15','2018-12-15',NULL),(46,10,10,'Producto13','13','Producto13','13','13','13','2018-12-15','2018-12-15',NULL),(47,10,10,'Producto14','14','Producto14','14','14','14','2018-12-15','2018-12-15',NULL),(48,10,10,'Producto15','15','Producto15','15','15','15','2018-12-15','2018-12-15',NULL),(49,10,11,'Producto16','16','Producto16','16','16','16','2018-12-15','2018-12-15',NULL),(50,10,11,'Producto17','17','Producto17','17','17','17','2018-12-15','2018-12-15',NULL),(51,10,11,'Producto18','18','Producto18','18','18','18','2018-12-15','2018-12-15',NULL),(52,10,7,'Producto19','19','Producto18=9','19','19','19','2018-12-15','2018-12-15',NULL),(53,10,11,'Producto20','20','Producto20','20','20','20','2018-12-15','2018-12-15',NULL),(54,10,7,'Producto2','2','Producto2','2','2','2','2018-12-15','2018-12-15',NULL),(55,10,7,'Producto1','1','Producto1','1','1','1','2018-12-15','2018-12-16',NULL),(56,13,19,'Producto1','Producto1','Producto1','1','1','Producto1','2018-12-17','2018-12-17',NULL),(57,13,20,'Producto2','Producto2','Producto2','2','2','Producto2','2018-12-17','2018-12-17',NULL),(58,13,21,'Producto3','Producto3','Producto3','3','3','Producto3','2018-12-17','2018-12-17',NULL),(59,13,22,'Producto4','Producto4','Producto4','4','4','Producto4','2018-12-17','2018-12-17',NULL),(60,13,23,'Producto5','Producto5','Producto5','5','5','Producto5','2018-12-17','2018-12-17',NULL),(61,13,19,'Producto6','Producto6','Producto6','6','6','Producto6','2018-12-17','2018-12-17',NULL),(62,13,20,'Producto7','Producto7','Producto7','7','7','Producto7','2018-12-17','2018-12-17',NULL),(63,13,21,'Producto8','Producto8','Producto8','8','8','Producto8','2018-12-17','2018-12-17',NULL),(64,13,22,'Producto9','Producto9','Producto9','9','9','Producto9','2018-12-17','2018-12-17',NULL),(65,13,23,'Producto10','Producto10','Producto10','10','10','Producto10','2018-12-17','2018-12-17',NULL),(66,13,19,'Producto11','Producto11','Producto11','11','11','Producto11','2018-12-17','2018-12-17',NULL),(67,13,20,'Producto12','Producto12','Producto12','12','12','Producto12','2018-12-17','2018-12-17',NULL),(68,13,21,'Producto13','Producto13','Producto13','13','13','Producto13','2018-12-17','2018-12-17',NULL),(69,13,22,'Producto14','Producto14','Producto14','14','14','Producto14','2018-12-17','2018-12-17',NULL),(70,13,23,'Producto15','Producto15','Producto15','15','15','Producto15','2018-12-17','2018-12-17',NULL),(71,13,19,'Producto16','Producto16','Producto16','16','16','Producto16','2018-12-17','2018-12-17',NULL),(72,13,20,'Producto17','Producto17','Producto17','17','17','Producto17','2018-12-17','2018-12-17',NULL),(73,13,21,'Producto18','Producto18','Producto18','18','18','Producto18','2018-12-17','2018-12-17',NULL),(74,13,22,'Producto19','Producto19','Producto19','19','19','Producto19','2018-12-17','2018-12-17',NULL),(75,13,23,'Producto20','Producto20','Producto20','20','20','Producto20','2018-12-17','2018-12-17',NULL),(76,12,24,'Producto1','Producto1','Producto1','1','1','Producto1','2018-12-17','2018-12-17',NULL),(77,12,25,'Producto2','Producto2','Producto2','2','2','Producto2','2018-12-17','2018-12-17',NULL),(78,12,26,'Producto3','Producto3','Producto3','3','3','Producto3','2018-12-17','2018-12-17',NULL),(79,12,27,'Producto4','Producto4','Producto4','4','4','Producto4','2018-12-17','2018-12-17',NULL),(80,12,28,'Producto5','Producto5','Producto5','5','5','Producto5','2018-12-17','2018-12-17',NULL),(81,12,24,'Producto6','Producto6','Producto6','6','6','Producto6','2018-12-17','2018-12-17',NULL),(82,12,25,'Producto7','Producto7','Producto7','7','7','Producto7','2018-12-17','2018-12-17',NULL),(83,12,26,'Producto8','Producto8','Producto8','8','8','Producto8','2018-12-17','2018-12-17',NULL),(84,12,27,'Producto9','Producto9','Producto9','9','9','Producto9','2018-12-17','2018-12-17',NULL),(85,12,28,'Producto10','Producto10','Producto10','10','10','Producto10','2018-12-17','2018-12-17',NULL),(86,12,24,'Producto11','Producto11','Producto11','11','11','Producto11','2018-12-17','2018-12-17',NULL),(87,12,25,'Producto12','Producto12','Producto12','12','12','Producto12','2018-12-17','2018-12-17',NULL),(88,12,26,'Producto13','Producto13','Producto13','13','13','Producto13','2018-12-17','2018-12-17',NULL),(89,12,27,'Producto14','Producto14','Producto14','14','14','Producto14','2018-12-17','2018-12-17',NULL),(90,12,28,'Producto15','Producto15','Producto15','15','15','Producto15','2018-12-17','2018-12-17',NULL),(91,12,24,'Producto16','Producto16','Producto16','16','16','Producto16','2018-12-17','2018-12-17',NULL),(92,12,25,'Producto17','Producto17','Producto17','17','17','Producto17','2018-12-17','2018-12-17',NULL),(93,12,26,'Producto18','Producto18','Producto18','18','18','Producto18','2018-12-17','2018-12-17',NULL),(94,12,27,'Producto19','Producto19','Producto19','19','19','Producto19','2018-12-17','2018-12-17',NULL),(95,12,28,'Producto20','Producto20','Producto20','20','20','Producto20','2018-12-17','2018-12-17',NULL),(96,2,3,'Producto1','411','asfasd','10','15','1','2018-12-17','2018-12-17',NULL),(97,3,17,'PPPPP','1','PPPPP','1','1','1','2018-12-19','2018-12-19',NULL),(98,3,17,'                           ','1','                             ','1','1','1','2018-12-19','2018-12-19',NULL),(99,3,17,'sadsaSADSADASDSA','2321','sadsadsDSADSADSADAS','1213','2321','2321','2018-12-19','2018-12-19','2018-12-19'),(100,2,3,'VVVVV','2','VVVVV','2','2','2','2018-12-19','2018-12-19','2019-02-03'),(101,2,31,'QQQQQ','12','QQQQQ','121','12','12','2018-12-19','2018-12-19',NULL),(102,21,32,'LLLL','1119','LLLL','1','1','11','2018-12-22','2018-12-22','2018-12-23'),(103,21,32,'LLLL','1','LLLL','1','1','1','2018-12-22','2018-12-22','2018-12-23'),(104,21,32,'LLLL','1','LLLL','1','1','11','2018-12-22','2018-12-22',NULL),(105,21,32,'    FFSD','111','LLLL','1','1','33','2018-12-22','2018-12-22',NULL),(106,21,33,'sasda','1','sdssdaads','1','1','1','2018-12-22','2018-12-22',NULL),(107,21,33,'sddsasda','11','dsdssda','1','1','1','2018-12-22','2018-12-22',NULL),(108,21,35,'hgfhgfhgfh','12','gfhfghgfhgf','234','211','2','2018-12-22','2018-12-22',NULL),(109,21,35,'hgjh','21','gjhggh','1','1','1','2018-12-22','2018-12-22',NULL),(110,21,35,'addsa','121','dssad','1','1','1','2018-12-22','2018-12-22',NULL),(111,21,32,'MMMM','11','MMMM','1','1','1','2018-12-22','2018-12-22','2018-12-22'),(112,21,32,'MMMM','11','MMMM','1','1','1','2018-12-22','2018-12-22',NULL),(113,21,32,'MMMMM','111!','MMMM','1','1','1','2018-12-23','2018-12-23',NULL),(114,21,37,'llllll','1','llllll','1','1','11','2018-12-23','2018-12-23','2018-12-23'),(115,3,17,'jjjjjjllll','3','llll','1','3','3','2018-12-23','2018-12-23',NULL),(116,3,17,'jhgjhj','7','hgjghjghj','6','1','6','2018-12-23','2018-12-23',NULL),(117,2,3,'Test','1','test1','1','1','1','2019-02-03','2019-02-03',NULL),(118,2,3,'Producto 2','Producto 2','Producto 2','1','1','Producto 2','2019-02-06','2019-02-06',NULL),(119,2,3,'Producto 3','Producto 3','Producto 3','3','3','Producto 3','2019-02-06','2019-02-06',NULL),(120,2,3,'Producto 4','Producto 4','Producto 4','4','4','Producto 4','2019-02-06','2019-02-06',NULL),(121,10,11,'Producto3','p3pr5','Producto 3 del proveedor 5','1.5','1.9','electronica','2019-02-12','2019-02-12',NULL),(122,10,8,'Sweater rayado ','RA-SW13','sweater dama rayado tela jasper','150','1500','ropa abrigo','2019-02-12','2019-02-12',NULL),(123,10,8,'sweater escote V','RA-SWH24','Sweater escote V hombre hilo fino','185.50','1780.99','sweater hombre','2019-02-12','2019-02-12',NULL),(124,10,9,'Camisa slim poplin','CA-H1','Camisa corte slim poplin, mangas largas','650','1150','camisas','2019-02-12','2019-02-12',NULL),(125,10,9,'Camisa ML rafia','CA-MLH2','Camisa manga larga de rafia - hombre ','459.99','1599.99','Camisa hombre','2019-02-12','2019-02-12',NULL),(126,10,8,'Pantalon Vestir alpaca','PA-V-H1','Pantalon corte recto alpaca','458','1289.99','pantalon vestir','2019-02-12','2019-02-12',NULL),(127,2,31,'Producto1','5','Producto1','4','10','5','2019-02-12','2019-02-12',NULL);
/*!40000 ALTER TABLE `products` ENABLE KEYS */;
UNLOCK TABLES;

--
-- Table structure for table `providers`
--

DROP TABLE IF EXISTS `providers`;
/*!40101 SET @saved_cs_client     = @@character_set_client */;
/*!40101 SET character_set_client = utf8 */;
CREATE TABLE `providers` (
  `id` int(10) unsigned NOT NULL AUTO_INCREMENT,
  `company_id` int(11) NOT NULL,
  `name` varchar(255) COLLATE utf8_unicode_ci NOT NULL,
  `fantasyName` varchar(255) COLLATE utf8_unicode_ci NOT NULL,
  `email` varchar(255) COLLATE utf8_unicode_ci NOT NULL,
  `place` varchar(255) COLLATE utf8_unicode_ci NOT NULL,
  `codigoPostal` varchar(255) COLLATE utf8_unicode_ci NOT NULL,
  `codigoProvincia` varchar(255) COLLATE utf8_unicode_ci NOT NULL,
  `address` varchar(255) COLLATE utf8_unicode_ci NOT NULL,
  `telephone` int(11) NOT NULL,
  `cuit` varchar(255) COLLATE utf8_unicode_ci NOT NULL,
  `web` varchar(255) COLLATE utf8_unicode_ci NOT NULL,
  `iib` varchar(255) COLLATE utf8_unicode_ci NOT NULL,
  `pib` varchar(255) COLLATE utf8_unicode_ci NOT NULL,
  `epib` varchar(255) COLLATE utf8_unicode_ci NOT NULL,
  `excento` tinyint(1) NOT NULL,
  `responsableMonotributo` tinyint(1) NOT NULL,
  `responsableInscripto` tinyint(1) NOT NULL,
  `ivaInscripto` tinyint(1) NOT NULL,
  `limiteDeCredito` double(8,2) NOT NULL,
  `numeroDeInscripcionesIB` int(11) NOT NULL,
  `cuentasGenerales` varchar(255) COLLATE utf8_unicode_ci NOT NULL,
  `percepcionDeGanancia` int(11) NOT NULL,
  `created_at` date DEFAULT NULL,
  `updated_at` date DEFAULT NULL,
  `deleted_at` date DEFAULT NULL,
  `start_date` timestamp NOT NULL DEFAULT CURRENT_TIMESTAMP ON UPDATE CURRENT_TIMESTAMP,
  `sale_point` varchar(50) COLLATE utf8_unicode_ci DEFAULT NULL,
  PRIMARY KEY (`id`)
) ENGINE=InnoDB AUTO_INCREMENT=43 DEFAULT CHARSET=utf8 COLLATE=utf8_unicode_ci;
/*!40101 SET character_set_client = @saved_cs_client */;

--
-- Dumping data for table `providers`
--

LOCK TABLES `providers` WRITE;
/*!40000 ALTER TABLE `providers` DISABLE KEYS */;
INSERT INTO `providers` VALUES (1,2,'a@gmail.com','a2@gmail.com','a2@gmail.com','a2@gmail.com','a2@gmail.com','stockStorage','a2@gmail.com',1111111111,'a2@gmail.co','a2@gmail.com','a2@gmail.com','a2@gmail.com','a2@gmail.com',0,0,0,0,0.00,'a2@gmail.com',0.00,0,'a2@gmail.com',0,'2017-09-09','2018-12-09','2018-12-09','2019-02-16 01:31:29',NULL),(2,2,'proveedor2','proveedor2','proveedor2','proveedor2','proveedor2','7600','proveedor2',2147483647,'proveedor22','proveedor2','proveedor2','proveedor2','proveedor2',0,0,127,1,0.00,'proveedor2',0.00,0,'proveedor2',0,'2017-10-19','2018-12-09','2018-12-09','2019-02-16 01:31:29',NULL),(3,2,'AAAAAA','AAAAAA','AAAAAA@gmail.com','AAAAAA','1212','21312312','AAAAAA 121',321321321,'12345678901','AAAAAA.com','21231232132','23213321','2311232',0,0,0,1,1.00,'AAAAAA',121123.00,121231,'\'Cuenta General\'',1,'2018-12-09','2019-02-16',NULL,'2019-02-14 00:00:00','3'),(4,2,'AAAAAA','AAAAAA','AAAAAA@gmail.com','AAAAAA','1232','','AAAAAA111',223456789,'23433432233','AAAAAA.com','AAAAAA','AAAAAA','AAAAAA',0,0,0,0,121.00,'AAAAAA',121.00,121,'AAAAAA',0,'2018-12-09','2018-12-12','2018-12-12','2019-02-16 01:31:29',NULL),(5,2,'AAAAAA','AAAAAA','AAAAAA@gmail.com','AAAAAA','2111','','AAAAAA',321321321,'12345678901','AAAAAA.com','AAAAAA','AAAAAA','AAAAAA',0,0,0,0,121.00,'AAAAAA',121.00,121,'AAAAAA',0,'2018-12-09','2018-12-12','2018-12-12','2019-02-16 01:31:29',NULL),(6,2,'32132213213','21321321321!\"!\"!\"','uu@gmail.com','\"Resaltar en rojo los campos','2132','','\"Resaltar en rojo los 978',212321312,'12333213122','\"Resaltar en rojo los ','\"Resaltar en rojo los ','\"Resaltar en rojo los ','\"Resaltar en rojo los ',0,0,0,0,7.00,'Efectivo',121.00,121,'\"Mostrar un cartel',0,'2018-12-09','2018-12-09','2018-12-09','2019-02-16 01:31:29',NULL),(7,10,'Proveedor1','Proveedor1','proveedor1@hotmail.com','Quilmes','1222','1222','Rivadavia 132',111111111,'11111111111','proveedor1.com','11111111111','111111','111111',0,1,0,0,111111.00,'111111',111111.00,111111,'\'Cuenta General\'',111111,'2018-12-09','2019-01-04',NULL,'2019-02-16 01:31:29',NULL),(8,10,'Proveedor2','Proveedor2','proveedor2@hotmail.com','Avellaneda','2222','2222','Mitre 5532434',222222222,'22222222222','proveedor2.com','22222222222','222222','222222',1,0,0,0,2.00,'222222',2222.00,2222,'\'Cuenta Interna\'',222222,'2018-12-10','2019-01-04',NULL,'2019-02-16 01:31:29',NULL),(9,10,'Proveedor3','Proveedor3','proveedor3@hotmail.com','Caballito','2321','7600','Rivadavia 9338',333333333,'33333333333','proveedor3.com','33333333333','333333','333333',0,0,127,0,3.00,'333333',333333.00,333333,'\'Cuenta Interna\'',3333333,'2018-12-10','2019-01-04',NULL,'2019-02-16 01:31:29',NULL),(10,10,'Proveedor4','Proveedor4','proveedor4@hotmail.com','Barracas','4444','4444','Monte de Oca 482',444444444,'44444444444','proveedor4.com','44444444444','444444','444444',0,0,127,0,4.00,'444444',44444.00,44444,'\'Cuenta General\'',444444,'2018-12-10','2019-01-04',NULL,'2019-02-16 01:31:29',NULL),(11,10,'Proveedor5','Proveedor5','proveedor5@hotmail.com','Balvanera','5555','5555','Entre Rios 863',555555555,'55555555555','proveedor5.com','55555555555','555555','555555',0,0,127,0,5.00,'555555',55555.00,55555,'\'Cuenta Interna\'',555555,'2018-12-10','2019-01-04',NULL,'2019-02-16 01:31:29',NULL),(12,3,'AAAAAA','AAAAAA','AAAAAA@gmail.com','AAAAAA','1111','','AAAAAA11111',111111111,'11111111111','AAAAAA.com','AAAAAA','AAAAAA','AAAAAA',0,0,0,0,1.00,'AAAAAA',1.00,1,'AAAAAA',0,'2018-12-12','2018-12-12','2018-12-12','2019-02-16 01:31:29',NULL),(13,3,'AAAAAA','AAAAAA','AAAAAA@gmail.com','AAAAAA','1111','','AAAAAA1111',111111111,'11111111111','AAAAAA.com','AAAAAA','AAAAAA','AAAAAA',0,0,0,0,1.00,'AAAAAA',1.00,1,'AAAAAA',0,'2018-12-12','2018-12-12','2018-12-12','2019-02-16 01:31:29',NULL),(14,3,'AAAAAA','AAAAAA','AAAAAA@gmail.com','AAAAAA','1111','','AAAAAA',111111111,'11111111111','AAAAAA.com','AAAAAA','AAAAAA','AAAAAA',0,0,0,0,1.00,'AAAAAA',1.00,1,'AAAAAA',0,'2018-12-12','2018-12-12','2018-12-12','2019-02-16 01:31:29',NULL),(15,3,'AAAAAA','AAAAAA','AAAAAA@gmail.com','AAAAAA','1111','','AAAAAA',111111111,'11111111111','AAAAAA.com','AAAAAA','AAAAAA','AAAAAA',0,0,0,0,1.00,'111111',1.00,1,'AAAAAA',0,'2018-12-12','2018-12-12','2018-12-12','2019-02-16 01:31:29',NULL),(16,3,'SSSSSS','SSSSSS','SSSSSS@gmail.com','SSSSSS','1111','','SSSSSS',111111111,'11111111111','SSSSSS.com','SSSSSS','SSSSSS','SSSSSS',0,0,0,0,1.00,'SSSSSS',1.00,1,'SSSSSS',0,'2018-12-12','2018-12-12','2018-12-12','2019-02-16 01:31:29',NULL),(17,3,'Provider1','Provider1','AAAA@gmail.com','AAAA','1111','AAAA 1111','AAAA 1111',111111111,'24366017314','Provider1','Provider111','Provider1','Provider1',0,0,0,1,111.00,'Provider1',111.00,11,'\'Cuenta Interna\'',11,'2018-12-12','2019-01-04',NULL,'2019-02-16 01:31:29',NULL),(18,17,'SASSA','SASSA','SASSA@gmail.com','SASSA','2121','','SASSA121',121123213,'23123213231','SASSA213','SASSA321','SASSA321','SASSA213',0,0,0,0,21321.00,'321231',231231.00,32231,'SASSA231',0,'2018-12-14','2018-12-14',NULL,'2019-02-16 01:31:29',NULL),(19,13,'Proveedor1','Proveedor1','Proveedor1@Proveedor1.com','Proveedor1','1111','Proveedor1','Proveedor1',111111111,'11111111111','Proveedor1','Proveedor11','Proveedor1','Proveedor1',0,0,1,0,1.00,'111111',1.00,1,'\'Cuenta General\'',1,'2018-12-16','2019-01-04',NULL,'2019-02-16 01:31:29',NULL),(20,13,'Proveedor2','Proveedor2','Proveedor2@Proveedor2.com','Proveedor2','2222','Proveedor2','Proveedor2',222222222,'22222222222','Proveedor2','Proveedor22','Proveedor2','Proveedor2',0,0,1,0,2.00,'2222222',2.00,2,'\'Cuenta Interna\'',2,'2018-12-16','2019-01-04',NULL,'2019-02-16 01:31:29',NULL),(21,13,'Proveedor3','Proveedor3','Proveedor3@Proveedor3.com','333','3333','Proveedor3','Proveedor3',333333333,'33333333333','Proveedor3','Proveedor33','Proveedor3','Proveedor3',0,0,1,0,333.00,'Proveedor3',3.00,3,'\'Cuenta Interna\'',3,'2018-12-16','2019-01-04',NULL,'2019-02-16 01:31:29',NULL),(22,13,'Proveedor4','Proveedor4','Proveedor4@Proveedor4.com','Proveedor4','4444','Proveedor4','Proveedor4',444444444,'44444444444','Proveedor4','Proveedor44','Proveedor4','Proveedor4',0,0,0,1,4.00,'Proveedor4',4.00,4,'\'Cuenta General\'',4,'2018-12-16','2019-01-04',NULL,'2019-02-16 01:31:29',NULL),(23,13,'Proveedor5','Proveedor5','Proveedor5@Proveedor5.com','Proveedor5','5555','Proveedor4','Proveedor5',555555555,'55555555555','Proveedor5','Proveedor55','Proveedor5','Proveedor5',0,1,0,0,5.00,'Proveedor5',5.00,5,'\'Cuenta General\'',5,'2018-12-16','2019-01-04',NULL,'2019-02-16 01:31:29',NULL),(24,12,'Proveedor1','Proveedor1','Proveedor1@Proveedor1.com','Proveedor1','1111','Proveedor1','Proveedor1',111111111,'11111111111','Proveedor1','Proveedor11','Proveedor1','Proveedor1',0,0,1,0,1.00,'Proveedor1',1.00,1,'\'Cuenta Interna\'',1,'2018-12-17','2019-01-04',NULL,'2019-02-16 01:31:29',NULL),(25,12,'Proveedor2','Proveedor2','Proveedor2@Proveedor2.com','Proveedor2','2222','Proveedor2','Proveedor2',222222222,'22222222222','Proveedor2','Proveedor22','Proveedor2','Proveedor2',1,0,0,0,2.00,'Proveedor2',2.00,2,'\'Cuenta General\'',2,'2018-12-17','2019-01-04',NULL,'2019-02-16 01:31:29',NULL),(26,12,'Proveedor3','Proveedor3','Proveedor3@Proveedor3.com','Proveedor3','3333','Proveedor3','Proveedor3',333333333,'33333333333','Proveedor3','Proveedor33','Proveedor3','Proveedor3',0,1,0,0,3.00,'Proveedor3',3.00,3,'\'Cuenta Interna\'',3,'2018-12-17','2019-01-04',NULL,'2019-02-16 01:31:29',NULL),(27,12,'Proveedor4','Proveedor4','Proveedor4@Proveedor4.com','Proveedor4','4444','Proveedor4','Proveedor4',444444444,'44444444444','Proveedor4','Proveedor44','Proveedor4','Proveedor4',0,0,0,1,4.00,'Proveedor4',4.00,4,'\'Cuenta General\'',4,'2018-12-17','2019-01-04',NULL,'2019-02-16 01:31:29',NULL),(28,12,'Proveedor5','Proveedor5','Proveedor5@Proveedor5.com','Proveedor5','5555','Proveedor5','Proveedor5',555555555,'55555555555','Proveedor5','Proveedor55','Proveedor5','Proveedor5',0,0,1,0,5.00,'Proveedor5',5.00,5,'\'Cuenta General\'',5,'2018-12-17','2019-01-04',NULL,'2019-02-16 01:31:29',NULL),(29,12,'Proveedor6','Proveedor6','Proveedor6@Proveedor6.com','Proveedor6','66666','Proveedor6','Proveedor6',666666666,'66666666666','Proveedor6','Proveedor6','Proveedor6','Proveedor6',0,1,0,0,6.00,'Proveedor6',6.00,6,'Proveedor6',6,'2018-12-17','2018-12-17','2018-12-17','2019-02-16 01:31:29',NULL),(30,3,'sddsae334342','dsasdasda','dsasad3224@gmail.com','sadsad2332243432','21221','sadsads232342324','sadsadsa32342234',232312321,'21312312312','as432324d.com','sdasadsa43234','asddsasa32234','asddassad324324',0,0,1,0,232.00,'sssasd234',21.00,21,'czxzcxzcx324324',21,'2018-12-19','2018-12-19','2018-12-19','2019-02-16 01:31:29',NULL),(31,2,'WWWWW','WWWWW','WWWWW@gmail.com','WWWWW2121','1221','WWWWW','WWWWWw',123212121,'21122121121','WWWWWW','WWWWWW','WWWWWW','WWWWWW',0,0,1,0,12.00,'WWWWWW',12.00,12,'WWWWWW',12,'2018-12-19','2018-12-19',NULL,'2019-02-16 01:31:29',NULL),(32,21,'PPPPPPs','PPPPPP','PPPPPP@gmail.com','PPPPPP','1111','PPPPPP','PPPPPP',111111111,'11111111111','PPPPPP.com','PPPPPP','PPPPPP','PPPPPP',0,0,1,0,1.00,'PPPPPP',1.00,1,'PPPPPP',1,'2018-12-22','2018-12-22',NULL,'2019-02-16 01:31:29',NULL),(33,21,'OOOOOO','OOOOOO','OOOOOO@gmail.com','OOOOOO','1111','PPPPPPOOOOOO','OOOOOO',111111111,'11111111111','OOOOOO','OOOOOO','OOOOOO','OOOOOO',0,0,1,0,1.00,'OOOOOO',1.00,1,'OOOOOO',1,'2018-12-22','2018-12-22',NULL,'2019-02-16 01:31:29',NULL),(34,21,'NNNNNN2','NNNNNN','NNNNNN2@gmail.com','NNNNNN2','1111','NNNNNN','NNNNNN',111111111,'11111111111','NNNNNN','NNNNNN','NNNNNN','NNNNNN',0,0,1,0,1.00,'NNNNNN',1.00,1,'NNNNNN',1,'2018-12-22','2018-12-22','2018-12-22','2019-02-16 01:31:29',NULL),(35,21,'DDDDDD','DDDDDD','DDDDDD@gmail.com','DDDDDD','1111','DDDDDD','DDDDDD',111111111,'22222222222','DDDDDD','DDDDDD','DDDDDD','DDDDDD',0,0,1,0,1.00,'DDDDDD',1.00,1,'DDDDDD',1,'2018-12-22','2018-12-22',NULL,'2019-02-16 01:31:29',NULL),(36,21,'SSSSSS','SSSSSS','SSSSSS@gmail.com','SSSSSS','1111','SSSSSS','SSSSSS',111111111,'11111111111','SSSSSS','SSSSSS','SSSSSS','SSSSSS',0,0,1,0,1.00,'SSSSSS',1.00,1,'SSSSSS',1,'2018-12-22','2018-12-22',NULL,'2019-02-16 01:31:29',NULL),(37,21,'CCCCC','BBBBB','MMMMM@gmail.com','LLLLLLL','1111','Quilmes','Lisandro 3232',111111111,'44444444444','PPPPPPP.com','UUUUUUU','WWWWWW','YYYYYYHH',0,0,1,0,1.00,'KKKKKKKKK',1.00,2,'UUUUUUUYY',2,'2018-12-22','2018-12-23','2018-12-23','2019-02-16 01:31:29',NULL),(38,21,'EEEEEE','EEEEEE','PPPPPP@gmail.com','EEEEEE','1111','EEEEEE','EEEEEE',111111111,'44444444445','EEEEEE','EEEEEE','EEEEEE','EEEEEE',0,0,1,0,1.00,'EEEEEE',1.00,1,'EEEEEE',1,'2018-12-22','2018-12-22','2018-12-22','2019-02-16 01:31:29',NULL),(39,21,'JJJJJJ','JJJJJJ','JJJJJJ@gmail.com','JJJJJJ','2222','JJJJJJ','JJJJJJ',666666666,'66666666666','JJJJJJ','JJJJJJ','JJJJJJ','JJJJJJ',0,0,1,0,1.00,'JJJJJJ',1.00,1,'JJJJJJ',1,'2018-12-22','2018-12-22',NULL,'2019-02-16 01:31:29',NULL),(40,21,'XXXXXX','XXXXXX','XXXXXX@gmail.com','XXXXXX','1111','XXXXXX','XXXXXX',222222222,'67676767676','XXXXXX','XXXXXX','XXXXXX','XXXXXX',0,0,1,0,1.00,'XXXXXX',1.00,1,'XXXXXX',1,'2018-12-22','2018-12-22',NULL,'2019-02-16 01:31:29',NULL),(41,3,'kjjkjk','kjjkjk','jkjk@gmaill.com','kdfjds','7736','adsa','jfjkdkjdsf',878787878,'66786787667','kjhkjh','jkh11111111','kjhkjhk1','jkhjkj1',0,0,1,0,1.00,'kjhkkh1k',7.00,7,'\'Cuenta General\'',7,'2018-12-23','2019-01-04',NULL,'2019-02-16 01:31:29',NULL),(42,2,'kjjkjk','kjjkjk','kjjkjk@gmail.com','kjjkjk','7878','kjjkjk','kjjkjk',787788787,'78788787877','kjjkjk','kjjkjk','kjjkjk','kjjkjk',0,0,1,0,787878.00,'kjjkjk',8787.00,787878,'kjjkjk',7878,'2018-12-23','2018-12-23',NULL,'2019-02-16 01:31:29',NULL);
/*!40000 ALTER TABLE `providers` ENABLE KEYS */;
UNLOCK TABLES;

--
-- Table structure for table `roles`
--

DROP TABLE IF EXISTS `roles`;
/*!40101 SET @saved_cs_client     = @@character_set_client */;
/*!40101 SET character_set_client = utf8 */;
CREATE TABLE `roles` (
  `id` int(10) unsigned NOT NULL AUTO_INCREMENT,
  `role_name` varchar(255) COLLATE utf8_unicode_ci NOT NULL,
  `created_at` date DEFAULT NULL,
  `updated_at` date DEFAULT NULL,
  `deleted_at` date DEFAULT NULL,
  PRIMARY KEY (`id`)
) ENGINE=InnoDB AUTO_INCREMENT=3 DEFAULT CHARSET=utf8 COLLATE=utf8_unicode_ci;
/*!40101 SET character_set_client = @saved_cs_client */;

--
-- Dumping data for table `roles`
--

LOCK TABLES `roles` WRITE;
/*!40000 ALTER TABLE `roles` DISABLE KEYS */;
INSERT INTO `roles` VALUES (1,'ADMIN','2017-09-09','2017-09-09',NULL),(2,'NORMAL_USER','2017-09-09','2017-09-09',NULL);
/*!40000 ALTER TABLE `roles` ENABLE KEYS */;
UNLOCK TABLES;

--
-- Table structure for table `sales`
--

DROP TABLE IF EXISTS `sales`;
/*!40101 SET @saved_cs_client     = @@character_set_client */;
/*!40101 SET character_set_client = utf8 */;
CREATE TABLE `sales` (
  `id` int(10) unsigned NOT NULL AUTO_INCREMENT,
  `company_id` int(10) unsigned NOT NULL,
  `client_id` int(10) unsigned NOT NULL,
  `user_id` int(10) unsigned NOT NULL,
  `type` enum('FC','NC','ND') COLLATE utf8_unicode_ci NOT NULL DEFAULT 'FC',
  `letter` enum('A','B','C') COLLATE utf8_unicode_ci DEFAULT NULL,
  `client_name` varchar(255) COLLATE utf8_unicode_ci NOT NULL,
  `client_cuit` bigint(20) unsigned DEFAULT NULL,
  `client_address` varchar(255) COLLATE utf8_unicode_ci DEFAULT NULL,
  `pos` varchar(255) COLLATE utf8_unicode_ci NOT NULL DEFAULT '0',
  `number` varchar(255) COLLATE utf8_unicode_ci NOT NULL DEFAULT '0',
  `discount` double(8,2) NOT NULL DEFAULT '0.00',
  `subtotal` double(8,2) NOT NULL DEFAULT '0.00',
  `total` double(8,2) NOT NULL DEFAULT '0.00',
  `perceptions` double(8,2) NOT NULL DEFAULT '0.00',
  `taxes` varchar(255) COLLATE utf8_unicode_ci NOT NULL DEFAULT '{}',
  `response` text COLLATE utf8_unicode_ci,
  `warehouse_id` int(10) unsigned DEFAULT NULL,
  `date` date NOT NULL,
  `deleted_at` timestamp NULL DEFAULT NULL,
  `created_at` timestamp NULL DEFAULT NULL,
  `updated_at` timestamp NULL DEFAULT NULL,
  `status` text COLLATE utf8_unicode_ci NOT NULL,
  `payments` text COLLATE utf8_unicode_ci NOT NULL,
  `notes` text COLLATE utf8_unicode_ci NOT NULL,
  `cae_data` varchar(800) COLLATE utf8_unicode_ci DEFAULT NULL,
  `invoice_number` int(11) DEFAULT NULL,
  PRIMARY KEY (`id`)
) ENGINE=InnoDB AUTO_INCREMENT=69 DEFAULT CHARSET=utf8 COLLATE=utf8_unicode_ci;
/*!40101 SET character_set_client = @saved_cs_client */;

--
-- Dumping data for table `sales`
--

LOCK TABLES `sales` WRITE;
/*!40000 ALTER TABLE `sales` DISABLE KEYS */;
INSERT INTO `sales` VALUES (10,2,1,4,'FC','C','client1',0,'client1','0','0',0.00,0.00,30.00,0.00,'{}',NULL,NULL,'2017-11-14',NULL,'2017-11-14 03:00:00','2018-02-12 23:48:17','C','Cuenta corriente','0','{\"FeCabResp\":{\"Cuit\":20366017314,\"PtoVta\":1,\"CbteTipo\":3,\"FchProceso\":\"20180212174817\",\"CantReg\":1,\"Resultado\":\"A\",\"Reproceso\":\"N\"},\"FeDetResp\":{\"FECAEDetResponse\":{\"Concepto\":3,\"DocTipo\":80,\"DocNro\":20354108209,\"CbteDesde\":8,\"CbteHasta\":8,\"CbteFch\":\"20180212\",\"Resultado\":\"A\",\"Observaciones\":{\"Obs\":{\"Code\":10063,\"Msg\":\"Factura individual, DocTipo: 80, DocNro 20354108209 no se encuentra inscripto en condicion ACTIVA en el impuesto (IVA).\"}},\"CAE\":\"68074636092589\",\"CAEFchVto\":\"20180222\"}}}',NULL),(11,2,2,4,'FC','C','client2',0,'client2','0','0',0.00,0.00,30.00,0.00,'{}',NULL,NULL,'2017-11-14',NULL,'2017-11-14 03:00:00','2017-11-14 21:12:56','C','Cuenta corriente','0','',NULL),(12,2,1,4,'FC','B','client1',0,'client1','0','0',0.00,0.00,150.00,0.00,'{}',NULL,NULL,'2018-02-12',NULL,'2018-02-12 03:00:00','2018-02-12 23:57:03','F','Cuenta corriente','0','{\"FeCabResp\":{\"Cuit\":20366017314,\"PtoVta\":1,\"CbteTipo\":3,\"FchProceso\":\"20180212175703\",\"CantReg\":1,\"Resultado\":\"A\",\"Reproceso\":\"N\"},\"FeDetResp\":{\"FECAEDetResponse\":{\"Concepto\":3,\"DocTipo\":80,\"DocNro\":20354108209,\"CbteDesde\":9,\"CbteHasta\":9,\"CbteFch\":\"20180212\",\"Resultado\":\"A\",\"Observaciones\":{\"Obs\":{\"Code\":10063,\"Msg\":\"Factura individual, DocTipo: 80, DocNro 20354108209 no se encuentra inscripto en condicion ACTIVA en el impuesto (IVA).\"}},\"CAE\":\"68074636093331\",\"CAEFchVto\":\"20180222\"}}}',NULL),(13,2,1,4,'FC','B','client1',0,'client1','0','0',0.00,0.00,60.00,0.00,'{}',NULL,NULL,'2018-12-09',NULL,'2018-12-09 00:00:00','2018-12-09 03:03:54','F','Cuenta corriente','0',NULL,NULL),(14,2,1,4,'FC','B','client1',0,'client1','0','0',0.00,0.00,30.00,0.00,'{}',NULL,NULL,'2018-12-09',NULL,'2018-12-09 00:00:00','2018-12-09 03:04:48','F','Cuenta corriente','0',NULL,NULL),(15,2,1,4,'FC','B','client1',0,'client1','0','0',0.00,0.00,30.00,0.00,'{}',NULL,NULL,'2018-12-09',NULL,'2018-12-09 00:00:00','2018-12-09 03:05:48','F','Cuenta corriente','0',NULL,NULL),(16,2,1,4,'FC','B','client1',0,'client1','0','0',0.00,0.00,30.00,0.00,'{}',NULL,NULL,'2018-12-09',NULL,'2018-12-09 00:00:00','2018-12-09 03:06:06','F','Cuenta corriente','0',NULL,NULL),(17,2,1,4,'FC','B','client1',0,'client1','0','0',0.00,0.00,30.00,0.00,'{}',NULL,NULL,'2018-12-09',NULL,'2018-12-09 00:00:00','2018-12-09 03:11:03','F','Cuenta corriente','0',NULL,NULL),(18,2,1,4,'FC','B','client1',0,'client1','0','0',0.00,0.00,30.00,0.00,'{}',NULL,NULL,'2018-12-09',NULL,'2018-12-09 00:00:00','2018-12-09 03:15:50','F','Cuenta corriente','0',NULL,NULL),(19,2,1,4,'FC','B','client1',0,'client1','0','0',0.00,0.00,30.00,0.00,'{}',NULL,NULL,'2018-12-09',NULL,'2018-12-09 00:00:00','2018-12-09 03:16:16','F','Cuenta corriente','0',NULL,NULL),(20,2,1,4,'FC','B','client1',0,'client1','0','0',0.00,0.00,30.00,0.00,'{}',NULL,NULL,'2018-12-09',NULL,'2018-12-09 00:00:00','2018-12-09 03:57:57','F','Cuenta corriente','0',NULL,NULL),(21,2,1,4,'FC','B','client1',0,'client1','0','0',0.00,0.00,30.00,0.00,'{}',NULL,NULL,'2018-12-09',NULL,'2018-12-09 00:00:00','2018-12-09 04:00:18','F','Cuenta corriente','0',NULL,NULL),(22,2,1,4,'FC','B','client1',0,'client1','0','0',0.00,0.00,30.00,0.00,'{}',NULL,NULL,'2018-12-09',NULL,'2018-12-09 00:00:00','2018-12-09 04:00:42','F','Cuenta corriente','0',NULL,NULL),(23,2,1,4,'FC','B','client1',0,'client1','0','0',0.00,0.00,60.00,0.00,'{}',NULL,NULL,'2018-12-09',NULL,'2018-12-09 00:00:00','2018-12-09 04:05:32','F','Cuenta corriente','0',NULL,NULL),(24,2,1,4,'FC','B','client1',0,'client1','0','0',0.00,0.00,60.00,0.00,'{}',NULL,NULL,'2018-12-09',NULL,'2018-12-09 00:00:00','2018-12-09 04:05:53','F','Cuenta corriente','0',NULL,NULL),(25,2,1,4,'FC','B','client1',0,'client1','0','0',0.00,0.00,60.00,0.00,'{}',NULL,NULL,'2018-12-09',NULL,'2018-12-09 00:00:00','2018-12-09 04:06:00','F','Cuenta corriente','0',NULL,NULL),(26,2,1,4,'FC','B','client1',0,'client1','0','0',0.00,0.00,30.00,0.00,'{}',NULL,NULL,'2018-12-09',NULL,'2018-12-09 00:00:00','2018-12-09 04:07:38','F','Cuenta corriente','0',NULL,NULL),(27,2,1,4,'FC','B','client1',0,'client1','0','0',0.00,0.00,30.00,0.00,'{}',NULL,NULL,'2018-12-09',NULL,'2018-12-09 00:00:00','2018-12-09 04:11:49','F','Cuenta corriente','0',NULL,NULL),(28,2,1,4,'FC','B','client1',0,'client1','0','0',0.00,0.00,60.00,0.00,'{}',NULL,NULL,'2018-12-08',NULL,'2018-12-08 00:00:00','2018-12-09 04:47:06','F','Efectivo','0',NULL,NULL),(29,2,1,4,'FC','B','client1',0,'client1','0','0',0.00,0.00,30.00,0.00,'{}',NULL,NULL,'2018-12-09',NULL,'2018-12-09 00:00:00','2018-12-09 04:48:27','F','Cuenta corriente','0',NULL,NULL),(30,2,1,4,'FC','B','client1',0,'client1','0','0',0.00,0.00,30.00,0.00,'{}',NULL,NULL,'2018-12-09',NULL,'2018-12-09 00:00:00','2018-12-09 04:49:08','F','Cuenta corriente','0',NULL,NULL),(31,2,1,4,'FC','B','client1',0,'client1','0','0',0.00,0.00,30.00,0.00,'{}',NULL,NULL,'2018-12-09',NULL,'2018-12-09 00:00:00','2018-12-09 04:51:50','F','Cuenta corriente','0',NULL,NULL),(32,2,2,4,'FC','B','client2',0,'client2','0','0',0.00,0.00,30.00,0.00,'{}',NULL,NULL,'2018-12-11',NULL,'2018-12-11 00:00:00','2018-12-09 04:56:41','F','Cuenta corriente','0',NULL,NULL),(33,2,2,4,'FC','B','client2',0,'client2','0','0',0.00,0.00,30.00,0.00,'{}',NULL,NULL,'2018-12-11',NULL,'2018-12-11 00:00:00','2018-12-26 23:15:59','F','Cuenta corriente','0','{\"FeCabResp\":{\"Cuit\":20366017314,\"PtoVta\":1,\"CbteTipo\":3,\"FchProceso\":\"20181226201559\",\"CantReg\":1,\"Resultado\":\"R\",\"Reproceso\":\"N\"},\"FeDetResp\":{\"FECAEDetResponse\":{\"Concepto\":3,\"DocTipo\":80,\"DocNro\":20354108209,\"CbteDesde\":10,\"CbteHasta\":10,\"CbteFch\":\"20181226\",\"Resultado\":\"R\",\"Observaciones\":{\"Obs\":{\"Code\":10036,\"Msg\":\"El campo FchVtoPago no puede ser anterior a la fecha del comprobante.\"}},\"CAE\":\"\",\"CAEFchVto\":\"\"}}}',NULL),(34,2,4,4,'FC','A','AAAA',11111111111,'AAAAAA','0','0',0.00,0.00,30.00,0.00,'{}',NULL,NULL,'2018-12-08',NULL,'2018-12-08 00:00:00','2018-12-09 04:59:49','F','Cuenta corriente','0',NULL,NULL),(35,2,1,4,'FC','B','client1',0,'client1','0','0',0.00,0.00,60.00,0.00,'{}',NULL,NULL,'2018-12-09',NULL,'2018-12-09 00:00:00','2018-12-09 05:03:49','F','Cuenta corriente','0',NULL,NULL),(36,2,1,4,'FC','B','client1',0,'client1','0','0',0.00,0.00,30.00,0.00,'{}',NULL,NULL,'2018-12-09',NULL,'2018-12-09 00:00:00','2018-12-09 05:06:36','F','Cuenta corriente','0',NULL,NULL),(37,2,1,4,'FC','B','client1',0,'client1','0','0',0.00,0.00,30.00,0.00,'{}',NULL,NULL,'2018-12-09',NULL,'2018-12-09 00:00:00','2018-12-09 05:08:40','F','Cuenta corriente','0',NULL,NULL),(38,2,1,4,'FC','B','client1',0,'client1','0','0',0.00,0.00,30.00,0.00,'{}',NULL,NULL,'2018-12-09',NULL,'2018-12-09 00:00:00','2018-12-09 05:09:23','F','Cuenta corriente','0',NULL,NULL),(39,2,1,4,'FC','B','client1',0,'client1','0','0',0.00,0.00,30.00,0.00,'{}',NULL,NULL,'2018-12-09',NULL,'2018-12-09 00:00:00','2018-12-09 05:12:59','F','Cuenta corriente','0',NULL,NULL),(40,2,2,4,'FC','B','client2',0,'client2','0','0',0.00,0.00,30.00,0.00,'{}',NULL,NULL,'2018-12-29',NULL,'2018-12-29 00:00:00','2018-12-09 05:14:42','F','Cuenta corriente','0',NULL,NULL),(41,2,2,4,'FC','B','client2',0,'client2','0','0',0.00,0.00,60.00,0.00,'{}',NULL,NULL,'2018-12-29',NULL,'2018-12-29 00:00:00','2018-12-27 01:18:40','F','Cuenta corriente','0','{\"FeCabResp\":{\"Cuit\":20366017314,\"PtoVta\":1,\"CbteTipo\":3,\"FchProceso\":\"20181226221841\",\"CantReg\":1,\"Resultado\":\"A\",\"Reproceso\":\"N\"},\"FeDetResp\":{\"FECAEDetResponse\":{\"Concepto\":3,\"DocTipo\":80,\"DocNro\":20354108209,\"CbteDesde\":18,\"CbteHasta\":18,\"CbteFch\":\"20181227\",\"Resultado\":\"A\",\"Observaciones\":{\"Obs\":{\"Code\":10063,\"Msg\":\"Factura individual, DocTipo: 80, DocNro 20354108209 no se encuentra inscripto en condicion ACTIVA en el impuesto (IVA).\"}},\"CAE\":\"68524716477116\",\"CAEFchVto\":\"20190106\"}}}',NULL),(42,2,2,4,'FC','B','client2',0,'client2','0','0',0.00,0.00,330.00,0.00,'{}',NULL,NULL,'2018-12-29',NULL,'2018-12-29 00:00:00','2018-12-09 05:15:35','F','Cuenta corriente','0',NULL,NULL),(43,2,1,4,'FC','B','client1',0,'client1','0','0',0.00,0.00,30.00,0.00,'{}',NULL,NULL,'2018-12-09',NULL,'2018-12-09 00:00:00','2018-12-09 05:18:01','F','Cuenta corriente','0',NULL,NULL),(44,2,3,4,'FC','A','AAAA',11111111111,'AAAA 1111','0','0',0.00,0.00,30.00,0.00,'{}',NULL,NULL,'2018-12-07',NULL,'2018-12-07 00:00:00','2018-12-09 05:22:34','F','Cuenta corriente','0',NULL,NULL),(45,2,1,4,'FC','B','client1',0,'client1','0','0',0.00,0.00,30.00,0.00,'{}',NULL,NULL,'2018-12-09',NULL,'2018-12-09 00:00:00','2018-12-27 01:09:22','F','Cuenta corriente','0','{\"FeCabResp\":{\"Cuit\":20366017314,\"PtoVta\":1,\"CbteTipo\":3,\"FchProceso\":\"20181226220923\",\"CantReg\":1,\"Resultado\":\"A\",\"Reproceso\":\"N\"},\"FeDetResp\":{\"FECAEDetResponse\":{\"Concepto\":3,\"DocTipo\":80,\"DocNro\":20354108209,\"CbteDesde\":17,\"CbteHasta\":17,\"CbteFch\":\"20181227\",\"Resultado\":\"A\",\"Observaciones\":{\"Obs\":{\"Code\":10063,\"Msg\":\"Factura individual, DocTipo: 80, DocNro 20354108209 no se encuentra inscripto en condicion ACTIVA en el impuesto (IVA).\"}},\"CAE\":\"68524716477069\",\"CAEFchVto\":\"20190106\"}}}',NULL),(46,2,2,4,'FC','B','client2',0,'client2','0','0',0.00,0.00,30.00,0.00,'{}',NULL,NULL,'2018-12-21',NULL,'2018-12-21 00:00:00','2018-12-27 19:53:45','F','Cuenta corriente','0','{\"FeCabResp\":{\"Cuit\":20366017314,\"PtoVta\":1,\"CbteTipo\":3,\"FchProceso\":\"20181227165345\",\"CantReg\":1,\"Resultado\":\"A\",\"Reproceso\":\"N\"},\"FeDetResp\":{\"FECAEDetResponse\":{\"Concepto\":3,\"DocTipo\":80,\"DocNro\":20354108209,\"CbteDesde\":20,\"CbteHasta\":20,\"CbteFch\":\"20181227\",\"Resultado\":\"A\",\"Observaciones\":{\"Obs\":{\"Code\":10063,\"Msg\":\"Factura individual, DocTipo: 80, DocNro 20354108209 no se encuentra inscripto en condicion ACTIVA en el impuesto (IVA).\"}},\"CAE\":\"68524717276188\",\"CAEFchVto\":\"20190106\"}}}',NULL),(47,2,1,4,'FC','B','client1',0,'client1','0','0',0.00,0.00,30.00,0.00,'{}',NULL,NULL,'2018-12-09',NULL,'2018-12-09 00:00:00','2018-12-27 19:53:29','F','Cuenta corriente','0','{\"FeCabResp\":{\"Cuit\":20366017314,\"PtoVta\":1,\"CbteTipo\":3,\"FchProceso\":\"20181227165329\",\"CantReg\":1,\"Resultado\":\"A\",\"Reproceso\":\"N\"},\"FeDetResp\":{\"FECAEDetResponse\":{\"Concepto\":3,\"DocTipo\":80,\"DocNro\":20354108209,\"CbteDesde\":19,\"CbteHasta\":19,\"CbteFch\":\"20181227\",\"Resultado\":\"A\",\"Observaciones\":{\"Obs\":{\"Code\":10063,\"Msg\":\"Factura individual, DocTipo: 80, DocNro 20354108209 no se encuentra inscripto en condicion ACTIVA en el impuesto (IVA).\"}},\"CAE\":\"68524717276146\",\"CAEFchVto\":\"20190106\"}}}',NULL),(48,2,1,4,'FC','B','client1',0,'client1','0','0',0.00,0.00,150.00,0.00,'{}',NULL,NULL,'2018-12-06',NULL,'2018-12-06 00:00:00','2018-12-27 00:41:42','F','Cuenta corriente','0','{\"FeCabResp\":{\"Cuit\":20366017314,\"PtoVta\":1,\"CbteTipo\":3,\"FchProceso\":\"20181226214142\",\"CantReg\":1,\"Resultado\":\"A\",\"Reproceso\":\"N\"},\"FeDetResp\":{\"FECAEDetResponse\":{\"Concepto\":3,\"DocTipo\":80,\"DocNro\":20354108209,\"CbteDesde\":15,\"CbteHasta\":15,\"CbteFch\":\"20181227\",\"Resultado\":\"A\",\"Observaciones\":{\"Obs\":{\"Code\":10063,\"Msg\":\"Factura individual, DocTipo: 80, DocNro 20354108209 no se encuentra inscripto en condicion ACTIVA en el impuesto (IVA).\"}},\"CAE\":\"68524716476568\",\"CAEFchVto\":\"20190106\"}}}',NULL),(49,3,14,5,'FC','A','AAAAAA',12321321312,'AAAAAA','0','0',0.00,0.00,11.00,0.00,'{}',NULL,NULL,'2018-12-21',NULL,'2018-12-21 00:00:00','2018-12-26 23:27:11','F','Cuenta corriente','0','{\"FeCabResp\":{\"Cuit\":20366017314,\"PtoVta\":1,\"CbteTipo\":3,\"FchProceso\":\"20181226202712\",\"CantReg\":1,\"Resultado\":\"R\",\"Reproceso\":\"N\"},\"FeDetResp\":{\"FECAEDetResponse\":{\"Concepto\":3,\"DocTipo\":80,\"DocNro\":20354108209,\"CbteDesde\":10,\"CbteHasta\":10,\"CbteFch\":\"20181226\",\"Resultado\":\"R\",\"Observaciones\":{\"Obs\":{\"Code\":10036,\"Msg\":\"El campo FchVtoPago no puede ser anterior a la fecha del comprobante.\"}},\"CAE\":\"\",\"CAEFchVto\":\"\"}}}',NULL),(50,3,14,5,'FC','A','AAAAAA',12321321312,'AAAAAA','0','0',0.00,0.00,0.00,0.00,'{}',NULL,NULL,'2018-12-15',NULL,'2018-12-15 00:00:00','2018-12-27 01:08:48','F','Cuenta corriente','0','{\"FeCabResp\":{\"Cuit\":20366017314,\"PtoVta\":1,\"CbteTipo\":3,\"FchProceso\":\"20181226220848\",\"CantReg\":1,\"Resultado\":\"A\",\"Reproceso\":\"N\"},\"FeDetResp\":{\"FECAEDetResponse\":{\"Concepto\":3,\"DocTipo\":80,\"DocNro\":20354108209,\"CbteDesde\":16,\"CbteHasta\":16,\"CbteFch\":\"20181227\",\"Resultado\":\"A\",\"Observaciones\":{\"Obs\":{\"Code\":10063,\"Msg\":\"Factura individual, DocTipo: 80, DocNro 20354108209 no se encuentra inscripto en condicion ACTIVA en el impuesto (IVA).\"}},\"CAE\":\"68524716477056\",\"CAEFchVto\":\"20190106\"}}}',NULL),(51,21,37,27,'FC','A','EEEEEE',11111111111,'EEEEEE','0','0',0.00,0.00,7.00,0.00,'{}',NULL,NULL,'2018-12-07',NULL,'2018-12-07 00:00:00','2018-12-23 01:42:12','F','Efectivo','0',NULL,NULL),(52,21,40,27,'FC','A','CCCCCC',11111111111,'CCCCCC','0','0',0.00,0.00,10.00,0.00,'{}',NULL,NULL,'2018-11-30',NULL,'2018-11-30 00:00:00','2018-12-23 01:51:06','F','Cuenta corriente','0',NULL,NULL),(53,3,14,5,'FC','A','AAAAAA',12321321312,'AAAAAA','0','0',0.00,0.00,11.00,0.00,'{}',NULL,NULL,'2018-12-26',NULL,'2018-12-26 00:00:00','2018-12-27 00:15:08','F','Cuenta corriente','0','{\"FeCabResp\":{\"Cuit\":20366017314,\"PtoVta\":1,\"CbteTipo\":3,\"FchProceso\":\"20181226211508\",\"CantReg\":1,\"Resultado\":\"A\",\"Reproceso\":\"N\"},\"FeDetResp\":{\"FECAEDetResponse\":{\"Concepto\":3,\"DocTipo\":80,\"DocNro\":20354108209,\"CbteDesde\":12,\"CbteHasta\":12,\"CbteFch\":\"20181227\",\"Resultado\":\"A\",\"Observaciones\":{\"Obs\":{\"Code\":10063,\"Msg\":\"Factura individual, DocTipo: 80, DocNro 20354108209 no se encuentra inscripto en condicion ACTIVA en el impuesto (IVA).\"}},\"CAE\":\"68524716476377\",\"CAEFchVto\":\"20190106\"}}}',NULL),(54,3,33,5,'FC','A','     s',23123121313,'cxxzxz23','0','0',0.00,0.00,1.00,0.00,'{}',NULL,NULL,'2018-12-10',NULL,'2018-12-10 00:00:00','2018-12-27 00:28:48','F','Efectivo','0','{\"FeCabResp\":{\"Cuit\":20366017314,\"PtoVta\":1,\"CbteTipo\":3,\"FchProceso\":\"20181226212848\",\"CantReg\":1,\"Resultado\":\"A\",\"Reproceso\":\"N\"},\"FeDetResp\":{\"FECAEDetResponse\":{\"Concepto\":3,\"DocTipo\":80,\"DocNro\":20354108209,\"CbteDesde\":14,\"CbteHasta\":14,\"CbteFch\":\"20181227\",\"Resultado\":\"A\",\"Observaciones\":{\"Obs\":{\"Code\":10063,\"Msg\":\"Factura individual, DocTipo: 80, DocNro 20354108209 no se encuentra inscripto en condicion ACTIVA en el impuesto (IVA).\"}},\"CAE\":\"68524716476495\",\"CAEFchVto\":\"20190106\"}}}',NULL),(55,3,14,5,'FC','A','AAAAAA',12321321312,'AAAAAA','0','0',0.00,0.00,3.00,0.00,'{}',NULL,NULL,'2018-12-19',NULL,'2018-12-19 00:00:00','2018-12-27 00:13:46','F','Cuenta corriente','0','{\"FeCabResp\":{\"Cuit\":20366017314,\"PtoVta\":1,\"CbteTipo\":3,\"FchProceso\":\"20181226211347\",\"CantReg\":1,\"Resultado\":\"A\",\"Reproceso\":\"N\"},\"FeDetResp\":{\"FECAEDetResponse\":{\"Concepto\":3,\"DocTipo\":80,\"DocNro\":20354108209,\"CbteDesde\":11,\"CbteHasta\":11,\"CbteFch\":\"20181227\",\"Resultado\":\"A\",\"Observaciones\":{\"Obs\":{\"Code\":10063,\"Msg\":\"Factura individual, DocTipo: 80, DocNro 20354108209 no se encuentra inscripto en condicion ACTIVA en el impuesto (IVA).\"}},\"CAE\":\"68524716476364\",\"CAEFchVto\":\"20190106\"}}}',NULL),(56,3,14,5,'FC','A','AAAAAA',12321321312,'AAAAAA','0','0',0.00,0.00,3.00,0.00,'{}',NULL,NULL,'2018-12-26',NULL,'2018-12-26 00:00:00','2018-12-27 00:01:26','F','Cuenta corriente','0','{\"FeCabResp\":{\"Cuit\":20366017314,\"PtoVta\":1,\"CbteTipo\":3,\"FchProceso\":\"20181226210126\",\"CantReg\":1,\"Resultado\":\"A\",\"Reproceso\":\"N\"},\"FeDetResp\":{\"FECAEDetResponse\":{\"Concepto\":3,\"DocTipo\":80,\"DocNro\":20354108209,\"CbteDesde\":10,\"CbteHasta\":10,\"CbteFch\":\"20181227\",\"Resultado\":\"A\",\"Observaciones\":{\"Obs\":{\"Code\":10063,\"Msg\":\"Factura individual, DocTipo: 80, DocNro 20354108209 no se encuentra inscripto en condicion ACTIVA en el impuesto (IVA).\"}},\"CAE\":\"68524716476288\",\"CAEFchVto\":\"20190106\"}}}',NULL),(57,3,14,5,'FC','A','AAAAAA',12321321312,'AAAAAA','0','0',0.00,0.00,3.00,0.00,'{}',NULL,NULL,'2018-12-26',NULL,'2018-12-26 00:00:00','2019-02-03 19:35:40','F','Cuenta corriente','0','{\"FeCabResp\":{\"Cuit\":20366017314,\"PtoVta\":1,\"CbteTipo\":3,\"FchProceso\":\"20190203163506\",\"CantReg\":1,\"Resultado\":\"A\",\"Reproceso\":\"N\"},\"FeDetResp\":{\"FECAEDetResponse\":{\"Concepto\":3,\"DocTipo\":80,\"DocNro\":20354108209,\"CbteDesde\":21,\"CbteHasta\":21,\"CbteFch\":\"20190203\",\"Resultado\":\"A\",\"Observaciones\":{\"Obs\":{\"Code\":10063,\"Msg\":\"Factura individual, DocTipo: 80, DocNro 20354108209 no se encuentra inscripto en condicion ACTIVA en el impuesto (IVA).\"}},\"CAE\":\"69054725740416\",\"CAEFchVto\":\"20190213\"}}}',NULL),(58,2,1,4,'FC','A','SCANNER S.R.L.',0,'14 de Julio 1098','0','0',0.00,0.00,1.00,0.00,'{}',NULL,NULL,'2019-02-05',NULL,'2019-02-05 00:00:00','2019-02-06 01:26:15','F','Cuenta corriente','0','{\"FeCabResp\":{\"Cuit\":20366017314,\"PtoVta\":1,\"CbteTipo\":3,\"FchProceso\":\"20190205222539\",\"CantReg\":1,\"Resultado\":\"A\",\"Reproceso\":\"N\"},\"FeDetResp\":{\"FECAEDetResponse\":{\"Concepto\":3,\"DocTipo\":80,\"DocNro\":20354108209,\"CbteDesde\":22,\"CbteHasta\":22,\"CbteFch\":\"20190206\",\"Resultado\":\"A\",\"Observaciones\":{\"Obs\":{\"Code\":10063,\"Msg\":\"Factura individual, DocTipo: 80, DocNro 20354108209 no se encuentra inscripto en condicion ACTIVA en el impuesto (IVA).\"}},\"CAE\":\"69064726609876\",\"CAEFchVto\":\"20190216\"}}}',NULL),(59,10,5,8,'FC','B','Cliente1',11111111111,'Lisandro 3232','0','0',0.00,0.00,6.00,0.00,'{}',NULL,NULL,'2019-02-11',NULL,'2019-02-11 00:00:00','2019-02-12 02:30:33','F','Efectivo','0','{\"FeCabResp\":{\"Cuit\":20366017314,\"PtoVta\":1,\"CbteTipo\":3,\"FchProceso\":\"20190211232951\",\"CantReg\":1,\"Resultado\":\"A\",\"Reproceso\":\"N\"},\"FeDetResp\":{\"FECAEDetResponse\":{\"Concepto\":3,\"DocTipo\":80,\"DocNro\":20354108209,\"CbteDesde\":23,\"CbteHasta\":23,\"CbteFch\":\"20190212\",\"Resultado\":\"A\",\"Observaciones\":{\"Obs\":{\"Code\":10063,\"Msg\":\"Factura individual, DocTipo: 80, DocNro 20354108209 no se encuentra inscripto en condicion ACTIVA en el impuesto (IVA).\"}},\"CAE\":\"69064727597228\",\"CAEFchVto\":\"20190222\"}}}',NULL),(60,10,6,8,'FC','A','Cliente2',22222222222,'Calchaqui 2344','0','0',0.00,0.00,6399.96,0.00,'{}',NULL,NULL,'2019-03-01',NULL,'2019-03-01 00:00:00','2019-02-15 21:30:53','F','Efectivo','0','{\"FeCabResp\":{\"Cuit\":20366017314,\"PtoVta\":1,\"CbteTipo\":3,\"FchProceso\":\"20190215183008\",\"CantReg\":1,\"Resultado\":\"A\",\"Reproceso\":\"N\"},\"FeDetResp\":{\"FECAEDetResponse\":{\"Concepto\":3,\"DocTipo\":80,\"DocNro\":20354108209,\"CbteDesde\":25,\"CbteHasta\":25,\"CbteFch\":\"20190215\",\"Resultado\":\"A\",\"Observaciones\":{\"Obs\":{\"Code\":10063,\"Msg\":\"Factura individual, DocTipo: 80, DocNro 20354108209 no se encuentra inscripto en condicion ACTIVA en el impuesto (IVA).\"}},\"CAE\":\"69074728174636\",\"CAEFchVto\":\"20190225\"}}}',NULL),(61,10,5,8,'FC','B','Cliente1',11111111111,'Lisandro 3232','0','0',0.00,0.00,7999.95,0.00,'{}',NULL,NULL,'2019-03-08',NULL,'2019-03-08 00:00:00','2019-02-15 21:29:32','F','Efectivo','0','{\"FeCabResp\":{\"Cuit\":20366017314,\"PtoVta\":1,\"CbteTipo\":3,\"FchProceso\":\"20190215182847\",\"CantReg\":1,\"Resultado\":\"A\",\"Reproceso\":\"N\"},\"FeDetResp\":{\"FECAEDetResponse\":{\"Concepto\":3,\"DocTipo\":80,\"DocNro\":20354108209,\"CbteDesde\":24,\"CbteHasta\":24,\"CbteFch\":\"20190215\",\"Resultado\":\"A\",\"Observaciones\":{\"Obs\":{\"Code\":10063,\"Msg\":\"Factura individual, DocTipo: 80, DocNro 20354108209 no se encuentra inscripto en condicion ACTIVA en el impuesto (IVA).\"}},\"CAE\":\"69074728174461\",\"CAEFchVto\":\"20190225\"}}}',NULL),(62,13,16,11,'FC','B','Cliente1',11111111111,'Cliente1','0','0',0.00,0.00,26.00,0.00,'{}',NULL,NULL,'2019-02-11',NULL,'2019-02-11 00:00:00','2019-02-15 21:51:38','F','Efectivo','0','{\"FeCabResp\":{\"Cuit\":20366017314,\"PtoVta\":1,\"CbteTipo\":3,\"FchProceso\":\"20190215185053\",\"CantReg\":1,\"Resultado\":\"A\",\"Reproceso\":\"N\"},\"FeDetResp\":{\"FECAEDetResponse\":{\"Concepto\":3,\"DocTipo\":80,\"DocNro\":20354108209,\"CbteDesde\":26,\"CbteHasta\":26,\"CbteFch\":\"20190215\",\"Resultado\":\"A\",\"Observaciones\":{\"Obs\":{\"Code\":10063,\"Msg\":\"Factura individual, DocTipo: 80, DocNro 20354108209 no se encuentra inscripto en condicion ACTIVA en el impuesto (IVA).\"}},\"CAE\":\"69074728176507\",\"CAEFchVto\":\"20190225\"}}}',NULL),(63,10,6,8,'FC','C','Cliente2',22222222222,'Calchaqui 2344','0','0',0.00,0.00,4799.97,0.00,'{}',NULL,NULL,'2019-02-02',NULL,'2019-02-02 00:00:00','2019-02-15 22:48:23','F','Efectivo','0','{\"FeCabResp\":{\"Cuit\":20366017314,\"PtoVta\":1,\"CbteTipo\":3,\"FchProceso\":\"20190215194738\",\"CantReg\":1,\"Resultado\":\"A\",\"Reproceso\":\"N\"},\"FeDetResp\":{\"FECAEDetResponse\":{\"Concepto\":3,\"DocTipo\":80,\"DocNro\":20354108209,\"CbteDesde\":27,\"CbteHasta\":27,\"CbteFch\":\"20190215\",\"Resultado\":\"A\",\"Observaciones\":{\"Obs\":{\"Code\":10063,\"Msg\":\"Factura individual, DocTipo: 80, DocNro 20354108209 no se encuentra inscripto en condicion ACTIVA en el impuesto (IVA).\"}},\"CAE\":\"69074728180923\",\"CAEFchVto\":\"20190225\"}}}',NULL),(64,10,5,8,'FC','A','Cliente1',11111111111,'Lisandro 3232','0','0',0.00,0.00,17250.00,0.00,'{}',NULL,NULL,'2019-02-15',NULL,'2019-02-15 00:00:00','2019-02-15 22:50:07','F','Cuenta corriente','0','{\"FeCabResp\":{\"Cuit\":20366017314,\"PtoVta\":1,\"CbteTipo\":3,\"FchProceso\":\"20190215194922\",\"CantReg\":1,\"Resultado\":\"A\",\"Reproceso\":\"N\"},\"FeDetResp\":{\"FECAEDetResponse\":{\"Concepto\":3,\"DocTipo\":80,\"DocNro\":20354108209,\"CbteDesde\":28,\"CbteHasta\":28,\"CbteFch\":\"20190215\",\"Resultado\":\"A\",\"Observaciones\":{\"Obs\":{\"Code\":10063,\"Msg\":\"Factura individual, DocTipo: 80, DocNro 20354108209 no se encuentra inscripto en condicion ACTIVA en el impuesto (IVA).\"}},\"CAE\":\"69074728181068\",\"CAEFchVto\":\"20190225\"}}}',NULL),(65,2,1,4,'FC','A','SCANNER S.R.L.',0,'14 de Julio 1098','0','0',0.00,0.00,15.00,0.00,'{}',NULL,NULL,'2019-02-15',NULL,'2019-02-15 00:00:00','2019-02-15 23:51:50','F','Cuenta corriente','0',NULL,NULL),(66,13,16,11,'FC','B','Cliente1',11111111111,'Cliente1','0','0',0.00,0.00,14.00,0.00,'{}',NULL,NULL,'2019-02-15',NULL,'2019-02-15 00:00:00','2019-02-16 00:40:34','F','Cuenta corriente','0',NULL,NULL),(67,13,16,11,'FC','C','Cliente1',11111111111,'Cliente1','0','0',0.00,0.00,14.00,0.00,'{}',NULL,NULL,'2019-02-15',NULL,'2019-02-15 00:00:00','2019-02-16 00:43:46','F','Cuenta corriente','0',NULL,NULL),(68,10,7,8,'FC','A','Cliente3',33333333333,'Lisandro 333','0','0',0.00,0.00,1599.99,0.00,'{}',NULL,NULL,'2019-02-15',NULL,'2019-02-15 00:00:00','2019-02-16 20:38:29','F','Efectivo','0',NULL,NULL);
/*!40000 ALTER TABLE `sales` ENABLE KEYS */;
UNLOCK TABLES;

--
-- Table structure for table `sales_detail`
--

DROP TABLE IF EXISTS `sales_detail`;
/*!40101 SET @saved_cs_client     = @@character_set_client */;
/*!40101 SET character_set_client = utf8 */;
CREATE TABLE `sales_detail` (
  `id` int(10) unsigned NOT NULL AUTO_INCREMENT,
  `sale_id` int(10) unsigned NOT NULL,
  `product_id` int(10) unsigned NOT NULL,
  `product_name` varchar(255) COLLATE utf8_unicode_ci NOT NULL,
  `quantity` double(8,2) NOT NULL,
  `price` double(8,2) NOT NULL,
  `tax` int(11) NOT NULL,
  `deleted_at` timestamp NULL DEFAULT NULL,
  `created_at` timestamp NULL DEFAULT NULL,
  `updated_at` timestamp NULL DEFAULT NULL,
  PRIMARY KEY (`id`)
) ENGINE=InnoDB AUTO_INCREMENT=67 DEFAULT CHARSET=utf8 COLLATE=utf8_unicode_ci;
/*!40101 SET character_set_client = @saved_cs_client */;

--
-- Dumping data for table `sales_detail`
--

LOCK TABLES `sales_detail` WRITE;
/*!40000 ALTER TABLE `sales_detail` DISABLE KEYS */;
INSERT INTO `sales_detail` VALUES (5,10,15,'del segundo provider',18.00,30.00,0,NULL,'2017-11-14 21:12:56','2017-11-14 21:12:56'),(6,11,16,'del primer provider',1.00,10.00,0,NULL,'2017-11-14 21:12:56','2017-11-14 21:12:56'),(7,12,15,'del segundo provider',5.00,30.00,0,NULL,'2018-02-12 19:19:56','2018-02-12 19:19:56'),(8,13,15,'AAAAAA',2.00,30.00,0,NULL,'2018-12-09 03:03:54','2018-12-09 03:03:54'),(9,14,17,'a@gmail provider',1.00,30.00,0,NULL,'2018-12-09 03:04:48','2018-12-09 03:04:48'),(10,15,17,'a@gmail provider',1.00,30.00,0,NULL,'2018-12-09 03:05:48','2018-12-09 03:05:48'),(11,16,17,'a@gmail provider',1.00,30.00,0,NULL,'2018-12-09 03:06:06','2018-12-09 03:06:06'),(12,17,17,'a@gmail provider',1.00,30.00,0,NULL,'2018-12-09 03:11:03','2018-12-09 03:11:03'),(13,18,17,'a@gmail provider',1.00,30.00,0,NULL,'2018-12-09 03:15:50','2018-12-09 03:15:50'),(14,19,17,'a@gmail provider',1.00,30.00,0,NULL,'2018-12-09 03:16:16','2018-12-09 03:16:16'),(15,20,15,'AAAAAA',1.00,30.00,0,NULL,'2018-12-09 03:57:57','2018-12-09 03:57:57'),(16,21,15,'AAAAAA',1.00,30.00,0,NULL,'2018-12-09 04:00:18','2018-12-09 04:00:18'),(17,22,15,'AAAAAA',1.00,30.00,0,NULL,'2018-12-09 04:00:42','2018-12-09 04:00:42'),(18,23,15,'AAAAAA',2.00,30.00,0,NULL,'2018-12-09 04:05:32','2018-12-09 04:05:32'),(19,24,15,'AAAAAA',2.00,30.00,0,NULL,'2018-12-09 04:05:53','2018-12-09 04:05:53'),(20,25,15,'AAAAAA',2.00,30.00,0,NULL,'2018-12-09 04:06:00','2018-12-09 04:06:00'),(21,26,15,'AAAAAA',1.00,30.00,0,NULL,'2018-12-09 04:07:38','2018-12-09 04:07:38'),(22,27,15,'AAAAAA',1.00,30.00,0,NULL,'2018-12-09 04:11:49','2018-12-09 04:11:49'),(23,28,17,'a@gmail provider',2.00,30.00,0,NULL,'2018-12-09 04:47:06','2018-12-09 04:47:06'),(24,29,17,'a@gmail provider',1.00,30.00,0,NULL,'2018-12-09 04:48:27','2018-12-09 04:48:27'),(25,30,17,'a@gmail provider',1.00,30.00,0,NULL,'2018-12-09 04:49:08','2018-12-09 04:49:08'),(26,31,17,'a@gmail provider',1.00,30.00,0,NULL,'2018-12-09 04:51:50','2018-12-09 04:51:50'),(27,32,17,'a@gmail provider',1.00,30.00,0,NULL,'2018-12-09 04:56:41','2018-12-09 04:56:41'),(28,33,17,'a@gmail provider',1.00,30.00,0,NULL,'2018-12-09 04:57:31','2018-12-09 04:57:31'),(29,34,17,'a@gmail provider',1.00,30.00,0,NULL,'2018-12-09 04:59:49','2018-12-09 04:59:49'),(30,35,17,'a@gmail provider',2.00,30.00,0,NULL,'2018-12-09 05:03:49','2018-12-09 05:03:49'),(31,36,17,'a@gmail provider',1.00,30.00,0,NULL,'2018-12-09 05:06:36','2018-12-09 05:06:36'),(32,37,17,'a@gmail provider',1.00,30.00,0,NULL,'2018-12-09 05:08:40','2018-12-09 05:08:40'),(33,38,17,'a@gmail provider',1.00,30.00,0,NULL,'2018-12-09 05:09:23','2018-12-09 05:09:23'),(34,39,17,'a@gmail provider',1.00,30.00,0,NULL,'2018-12-09 05:12:59','2018-12-09 05:12:59'),(35,40,17,'a@gmail provider',1.00,30.00,0,NULL,'2018-12-09 05:14:42','2018-12-09 05:14:42'),(36,41,17,'a@gmail provider',2.00,30.00,0,NULL,'2018-12-09 05:15:12','2018-12-09 05:15:12'),(37,42,17,'a@gmail provider',11.00,30.00,0,NULL,'2018-12-09 05:15:35','2018-12-09 05:15:35'),(38,43,17,'a@gmail provider',1.00,30.00,0,NULL,'2018-12-09 05:18:01','2018-12-09 05:18:01'),(39,44,17,'a@gmail provider',1.00,30.00,0,NULL,'2018-12-09 05:22:34','2018-12-09 05:22:34'),(40,45,17,'a@gmail provider',1.00,30.00,0,NULL,'2018-12-09 05:23:57','2018-12-09 05:23:57'),(41,46,17,'a@gmail provider',1.00,30.00,0,NULL,'2018-12-09 05:27:06','2018-12-09 05:27:06'),(42,47,15,'AAAAAA',1.00,30.00,0,NULL,'2018-12-09 05:28:40','2018-12-09 05:28:40'),(43,48,15,'AAAAAA',4.00,30.00,0,NULL,'2018-12-09 06:08:09','2018-12-09 06:08:09'),(44,48,17,'a@gmail provider',1.00,30.00,0,NULL,'2018-12-09 06:08:09','2018-12-09 06:08:09'),(45,49,33,'asassa',1.00,11.00,0,NULL,'2018-12-19 01:15:54','2018-12-19 01:15:54'),(46,50,97,'PPPPP',0.00,1.00,0,NULL,'2018-12-19 03:08:46','2018-12-19 03:08:46'),(47,51,105,'    FFSD',7.00,1.00,0,NULL,'2018-12-23 01:42:12','2018-12-23 01:42:12'),(48,52,105,'    FFSD',10.00,1.00,0,NULL,'2018-12-23 01:51:06','2018-12-23 01:51:06'),(49,53,33,'asassa',1.00,11.00,0,NULL,'2018-12-26 18:33:35','2018-12-26 18:33:35'),(50,54,97,'PPPPP',1.00,1.00,0,NULL,'2018-12-26 18:34:24','2018-12-26 18:34:24'),(51,55,115,'jjjjjjllll',1.00,1.00,0,NULL,'2018-12-26 23:49:25','2018-12-26 23:49:25'),(52,56,115,'jjjjjjllll',1.00,1.00,0,NULL,'2018-12-26 23:59:04','2018-12-26 23:59:04'),(53,57,115,'jjjjjjllll',1.00,1.00,0,NULL,'2018-12-27 00:47:58','2018-12-27 00:47:58'),(54,58,118,'Producto 2',1.00,1.00,0,NULL,'2019-02-06 01:20:48','2019-02-06 01:20:48'),(55,59,36,'Producto3',2.00,3.00,0,NULL,'2019-02-12 02:29:54','2019-02-12 02:29:54'),(56,60,125,'Camisa ML rafia',4.00,459.99,0,NULL,'2019-02-15 21:28:39','2019-02-15 21:28:39'),(57,61,125,'Camisa ML rafia',5.00,459.99,0,NULL,'2019-02-15 21:28:40','2019-02-15 21:28:40'),(58,62,56,'Producto1',2.00,1.00,0,NULL,'2019-02-15 21:51:19','2019-02-15 21:51:19'),(59,62,68,'Producto13',1.00,13.00,0,NULL,'2019-02-15 21:51:19','2019-02-15 21:51:19'),(60,62,66,'Producto11',1.00,11.00,0,NULL,'2019-02-15 21:51:19','2019-02-15 21:51:19'),(61,63,125,'Camisa ML rafia',3.00,459.99,0,NULL,'2019-02-15 22:48:03','2019-02-15 22:48:03'),(62,64,124,'Camisa slim poplin',15.00,650.00,0,NULL,'2019-02-15 22:49:52','2019-02-15 22:49:52'),(63,65,96,'Producto1',1.00,10.00,0,NULL,'2019-02-15 23:51:50','2019-02-15 23:51:50'),(64,66,69,'Producto14',1.00,14.00,0,NULL,'2019-02-16 00:40:34','2019-02-16 00:40:34'),(65,67,69,'Producto14',1.00,14.00,0,NULL,'2019-02-16 00:43:46','2019-02-16 00:43:46'),(66,68,125,'Camisa ML rafia',1.00,459.99,0,NULL,'2019-02-16 20:38:29','2019-02-16 20:38:29');
/*!40000 ALTER TABLE `sales_detail` ENABLE KEYS */;
UNLOCK TABLES;

--
-- Table structure for table `user_roles`
--

DROP TABLE IF EXISTS `user_roles`;
/*!40101 SET @saved_cs_client     = @@character_set_client */;
/*!40101 SET character_set_client = utf8 */;
CREATE TABLE `user_roles` (
  `id` int(10) unsigned NOT NULL AUTO_INCREMENT,
  `user_id` int(10) unsigned NOT NULL,
  `role_id` int(10) unsigned NOT NULL,
  `created_at` date DEFAULT NULL,
  `updated_at` date DEFAULT NULL,
  `deleted_at` date DEFAULT NULL,
  PRIMARY KEY (`id`),
  UNIQUE KEY `role_id` (`user_id`),
  KEY `user_roles_role_id_foreign` (`role_id`),
  CONSTRAINT `user_roles_role_id_foreign` FOREIGN KEY (`role_id`) REFERENCES `roles` (`id`),
  CONSTRAINT `user_roles_user_id_foreign` FOREIGN KEY (`user_id`) REFERENCES `users` (`id`)
) ENGINE=InnoDB AUTO_INCREMENT=33 DEFAULT CHARSET=utf8 COLLATE=utf8_unicode_ci;
/*!40101 SET character_set_client = @saved_cs_client */;

--
-- Dumping data for table `user_roles`
--

LOCK TABLES `user_roles` WRITE;
/*!40000 ALTER TABLE `user_roles` DISABLE KEYS */;
INSERT INTO `user_roles` VALUES (3,4,1,'2017-09-09','2017-09-09',NULL),(4,5,1,'2018-12-09','2018-12-09',NULL),(5,6,1,'2018-12-09','2018-12-09',NULL),(6,7,1,'2018-12-09','2018-12-09',NULL),(7,8,1,'2018-12-09','2018-12-09',NULL),(8,9,1,'2018-12-09','2018-12-09',NULL),(9,10,1,'2018-12-09','2018-12-09',NULL),(10,11,1,'2018-12-10','2018-12-10',NULL),(11,12,1,'2018-12-14','2018-12-14',NULL),(12,13,1,'2018-12-14','2018-12-14',NULL),(13,14,1,'2018-12-14','2018-12-14',NULL),(14,15,1,'2018-12-14','2018-12-14',NULL),(15,16,2,'2018-12-14','2018-12-14',NULL),(16,17,1,'2018-12-14','2018-12-14',NULL),(17,18,2,'2018-12-19','2018-12-19',NULL),(18,19,1,'2018-12-19','2018-12-19',NULL),(19,20,2,'2018-12-19','2018-12-19',NULL),(20,21,1,'2018-12-22','2018-12-22',NULL),(21,22,1,'2018-12-22','2018-12-22',NULL),(22,23,1,'2018-12-22','2018-12-22',NULL),(23,24,1,'2018-12-22','2018-12-22',NULL),(24,25,1,'2018-12-22','2018-12-22',NULL),(25,26,1,'2018-12-22','2018-12-22',NULL),(26,27,2,'2018-12-22','2018-12-22',NULL),(27,28,1,'2018-12-23','2018-12-23',NULL),(28,29,1,'2019-02-03','2019-02-03',NULL),(29,30,1,'2019-02-12','2019-02-12',NULL),(30,31,2,'2019-02-12','2019-02-12',NULL),(31,32,2,'2019-02-15','2019-02-15',NULL),(32,33,2,'2019-02-15','2019-02-15',NULL);
/*!40000 ALTER TABLE `user_roles` ENABLE KEYS */;
UNLOCK TABLES;

--
-- Table structure for table `users`
--

DROP TABLE IF EXISTS `users`;
/*!40101 SET @saved_cs_client     = @@character_set_client */;
/*!40101 SET character_set_client = utf8 */;
CREATE TABLE `users` (
  `id` int(10) unsigned NOT NULL AUTO_INCREMENT,
  `company_id` int(10) unsigned DEFAULT NULL,
  `username` varchar(255) COLLATE utf8_unicode_ci NOT NULL,
  `name` varchar(255) COLLATE utf8_unicode_ci NOT NULL,
  `lastname` varchar(255) COLLATE utf8_unicode_ci NOT NULL,
  `email` varchar(255) COLLATE utf8_unicode_ci NOT NULL,
  `password` varchar(255) COLLATE utf8_unicode_ci NOT NULL,
  `birthday` date NOT NULL,
  `address` varchar(255) COLLATE utf8_unicode_ci NOT NULL,
  `sales` tinyint(1) NOT NULL,
  `providers` tinyint(1) NOT NULL,
  `stock` tinyint(1) NOT NULL,
  `clients` tinyint(1) NOT NULL,
  `created_at` date DEFAULT NULL,
  `updated_at` date DEFAULT NULL,
  `deleted_at` date DEFAULT NULL,
  PRIMARY KEY (`id`),
  KEY `users_company_id_foreign` (`company_id`),
  CONSTRAINT `users_company_id_foreign` FOREIGN KEY (`company_id`) REFERENCES `companies` (`id`)
) ENGINE=InnoDB AUTO_INCREMENT=34 DEFAULT CHARSET=utf8 COLLATE=utf8_unicode_ci;
/*!40101 SET character_set_client = @saved_cs_client */;

--
-- Dumping data for table `users`
--

LOCK TABLES `users` WRITE;
/*!40000 ALTER TABLE `users` DISABLE KEYS */;
INSERT INTO `users` VALUES (4,2,'a@gmail.com','Alan','Buscaglia','a@gmail.com','$2y$10$Oye1TIdPdzj7xcTiUleTFuzSJAEqoJkx6riU003QZ/XkuJx6Gk8fq','1992-03-17','Leandro N. Alem 5077',1,1,1,1,'2017-09-09','2018-12-19',NULL),(5,3,'Testing','Testing','Testing','testing@gmail.com','$2y$10$u073qOVeDJEzsDoRMeLhzODwT.oLTTQidPBzuzYdMPk1GmxNiJmre','2018-12-07','Testing 12345',1,1,1,1,'2018-12-09','2019-02-12',NULL),(6,8,'Testing','Testing','Testing','testing1@gmail.com','$2y$10$.qAiumwnTjPxdJwSn9PW.OGi4OsTJeu/91fQ4x.5LS53WiUWncnSK','2018-12-07','testing 12345',1,0,1,0,'2018-12-09','2018-12-09',NULL),(7,9,'Marcelo','Marcelo','Man','marcelo@gmail.com','$2y$10$sLnd9/KVChiGxYX9UNVy0OLjZ8zKPVurNp28Dr9LQonsQ5BA8kRUi','2018-12-07','LILILI',1,1,1,1,'2018-12-09','2018-12-09',NULL),(8,10,'Tester','Tester Nombr','NumeroUnnoBi','tester@hotmail.com','$2y$10$3O8Onjv7fp/5iXUtq73qzO6Dq/a8W6RzOtJfYazkhI15i.xjMB1Oq','2018-12-08','Tester 1233',1,1,1,1,'2018-12-09','2019-02-16',NULL),(9,11,'Tester1','Tester1','Tester1','tester1@gmail.com','$2y$10$za9.BSIXFLFp6iQFVgBlP.OH6e8OvHuWKXc5qnJawbpN8dqzPKvcO','2018-12-07','tester1',1,1,1,1,'2018-12-09','2018-12-09',NULL),(10,12,'Tester2','Tester2','Tester2','tester2@hotmail.com','$2y$10$v1vuauO0vvgfTE11miRoquyVZGEpeK9xRgvpwfZgGimyQRDXSXGGe','2018-12-08','Tester2 2222',1,1,1,1,'2018-12-09','2018-12-17',NULL),(11,13,'Tester','Tester','NumeroUnno','tester1@hotmail.com','$2y$10$pjeChHlfLdEMVH2QUWfreOrAQ5b/ytlk1VMQBYy1cLIN.abcXc4zS','2018-12-08','Corrientes 3232',1,1,1,1,'2018-12-10','2019-02-15',NULL),(12,14,'Test11','Test','Test','test1@gmail.com','$2y$10$Lh/AUmhAlQ1NxgQVMIW4SeSlw6dSTsrUu72nFiYvG4snjVutdwb96','2018-12-13','Test1',1,1,1,1,'2018-12-14','2018-12-14',NULL),(13,NULL,'test11','test11','test11','test11@gmail.com','$2y$10$7xfIZccr2/dtt8Kqn0PHHOEv30wh4c6jk9jwZnNCkh0HlGm9nN4KW','2018-12-13','test11',1,1,1,1,'2018-12-14','2018-12-14',NULL),(14,16,'test11','test11','test11','test11111111@gmail.com','$2y$10$wgqoGv125UzVI6HfvMWdbO8UUzi0.4XwtZNckvEyJhXCyQNrfDedC','2018-12-13','test11',1,1,0,1,'2018-12-14','2018-12-14',NULL),(15,17,'KKKKKK','KKKKKK','KKKKKK','KKKKKK@gmail.com','$2y$10$esMkuuTiZmjxHWecROytp.pB3TkGyuv3QAOsynfiVM.cNm50Cnyp6','0001-07-13','KKKKKK',1,1,1,1,'2018-12-14','2018-12-14',NULL),(16,17,'LLLLLL','LLLLLL','LLLLLL','testR@gmail.com','$2y$10$UEE/usRo4IAnLphTzSRCsO0HZqj7evs4NhJAWhE.EPibUPSb1odKq','2018-12-13','LLLLLL',1,0,0,0,'2018-12-14','2018-12-14',NULL),(17,18,'AAAAAA','AAAAAA','AAAAAA','AAAAAAA@gmail.com','$2y$10$Ck8DdtA0ybwUk.DbKZMu5uA4pLl6RvASEixfQVoJ95VfEDQNtAbw.','2018-12-06','AAAAAAA',1,1,1,1,'2018-12-14','2018-12-14',NULL),(18,3,'AAAAAA','AAAAAA','AAAAAA','AAAAAA@gmail.com','$2y$10$/Ytgp2ereyHiPxavAOkJEOgNGhFvb5t93pwG4MXtSLigde0HtgReS','2018-12-07','AAAAAA',0,0,1,0,'2018-12-19','2018-12-19',NULL),(19,NULL,'DDDDDD','DDDDDDD','DDDDDDD','DDDDDDD@gmail.com','$2y$10$FFf75YsloivlWGZ.eq1jM.8byUiJa8VKQnsDMIJT73ijzLcary1Ym','2018-12-08','DDDDDDD',1,1,1,1,'2018-12-19','2018-12-19',NULL),(20,2,'a@sub.com','a@sub.com','a@sub.com','a@sub.com','$2y$10$FW3ML3kXNljT96WN6y/sYeJ.PoX6sN9aMIu.ofAiDWFCsDALhDXty','2018-12-18','a@sub.com',1,0,1,1,'2018-12-19','2019-02-14',NULL),(21,NULL,'AAAAAA','AAAAAA','AAAAAA','MMMMMMM@gmail.com','$2y$10$XVDIUZ2njvvQUehqnsJA5.OKnO0DH8SFsEhJfsLjmQhBrkloTAY.C','2018-12-13','AAAAAA1',0,0,0,0,'2018-12-22','2018-12-22',NULL),(22,19,'QQQQQQ','QQQQQQ','QQQQQQ','QQQQQQ@gmail.com','$2y$10$jraldP8EwQOVXdAjNauQiuG2w/bV/MMBsbmZLmSqfFmMDNdWJZF7O','2018-12-15','QQQQQQ',1,1,1,1,'2018-12-22','2018-12-22',NULL),(23,NULL,'testing','testing','testing','tesing@gmail.com','$2y$10$psLg.Zl.PG.ajrjlGjZXnuqhh6Nw9YyLXwZcTMHuqKYHbcknfqGiC','2018-12-01','testing',1,1,1,1,'2018-12-22','2018-12-22',NULL),(24,20,'AAAAAA','AAAAAA','AAAAAA','TTTTTT@gmail.com','$2y$10$imjT7CKkWuTXQcy0Eq2/suIawPyip8Z1Yn0ZraBE0BfPnsK3JjXWW','2018-12-01','AAAAAA',0,0,0,0,'2018-12-22','2018-12-22',NULL),(25,NULL,'AAAAAA','AAAAAA','AAAAAA','iiii@gmail.com','$2y$10$rPmu/GZlnBgL03GPDBOgweUv0yLIGyOum5Y.jG80ISrN7yTDdP3dq','2018-12-07','AAAAAA',1,0,0,0,'2018-12-22','2018-12-22',NULL),(26,21,'RRRRRR','RRRRRR','RRRRRR','RRRRRR@gmail.com','$2y$10$gFl4g2TIeHLhkxMIglbouesyuaxCqLLqJyJyOXtkSEa5p7mJrCwtK','2018-12-08','RRRRRR',1,1,1,1,'2018-12-22','2018-12-22',NULL),(27,21,'GGGGGG','GGGGGG','GGGGGG','GGGGGG@gmail.com','$2y$10$CBFYqSRL.WH4xfI4gEnm6.ADx/hxcbsEzURTfsLDsVaVOqa5rWpy.','2018-12-01','GGGGGGGGGGGGGGGG',1,1,1,1,'2018-12-22','2018-12-22',NULL),(28,NULL,'kkkkkk','oiudoiasiodu','iouasuidoa','asdj@gmail.com','$2y$10$c0gr9PblSmowbipCJFX2meuT4/hV8pBwK.V0EUxeO0wOohYqzBkmC','2018-12-15','jkdhfd',1,1,1,1,'2018-12-23','2018-12-23',NULL),(29,NULL,'registerView','register','register','registerView@register.com','$2y$10$XlxY4rwKsP9uC1i5bIr9OeuViKL9dAtSCtGMGP1H.FR7uE4mAhfZK','1992-12-04','register view 123',1,0,1,1,'2019-02-03','2019-02-03',NULL),(30,22,'mariamora','Maria','Mora ','mariamora@gmail.com','$2y$10$wTy6SwhFYSvb65FlF2ZGAeCzwxDabFXHLFmWWV/GwEeiGw7Zho94q','1997-02-28','corrientes 2323',1,1,1,1,'2019-02-12','2019-02-12',NULL),(31,10,'testersub1','Tester Sub 1','apellido Tes','mnalvarez@yahoo.com','$2y$10$Lw3WfD4kh38YX1ki5GM8nOVU8f8QXy9on65doV5rvCGZ78yLmHaZC','2019-02-01','Calle 45  Nro 1488',1,1,0,1,'2019-02-12','2019-02-12',NULL),(32,10,'tester sub 2','Tester sub 2','Gonzalez','ts2@hotmail.com','$2y$10$4xZsE7ZjWGSwq1H4quM8IOW0WvZQ60O20JhFaX/7cxmELbwURhXIG','2000-01-15','Bolivar 2332',0,1,0,1,'2019-02-15','2019-02-15',NULL),(33,10,'testersub3','maria maria','Gonzalez','ts3@hotmail.com','$2y$10$BYVe6y7ee6u3JgsoCStLteOd.HDWJq8tgWyelL05PaEMUA158L1q6','2000-02-01','la rioja 2071',0,1,0,1,'2019-02-15','2019-02-15',NULL);
/*!40000 ALTER TABLE `users` ENABLE KEYS */;
UNLOCK TABLES;
/*!40103 SET TIME_ZONE=@OLD_TIME_ZONE */;

/*!40101 SET SQL_MODE=@OLD_SQL_MODE */;
/*!40014 SET FOREIGN_KEY_CHECKS=@OLD_FOREIGN_KEY_CHECKS */;
/*!40014 SET UNIQUE_CHECKS=@OLD_UNIQUE_CHECKS */;
/*!40101 SET CHARACTER_SET_CLIENT=@OLD_CHARACTER_SET_CLIENT */;
/*!40101 SET CHARACTER_SET_RESULTS=@OLD_CHARACTER_SET_RESULTS */;
/*!40101 SET COLLATION_CONNECTION=@OLD_COLLATION_CONNECTION */;
/*!40111 SET SQL_NOTES=@OLD_SQL_NOTES */;

-- Dump completed on 2019-02-18 17:28:03
